-124.5,42.5, WIND ,2269,-999,66.75,7.34,5.56,4.14,6.1,6.36,5.79,5.27,5.27,5.59,5.42,4.86,4.68,5.18,5.73,6.49, WEST
-124.5,43, WIND ,2002,-999,61.86,7.48,5.16,3.4,6.1,6.2,5.54,5.03,4.67,4.51,4.06,3.58,3.81,5.11,6.43,6.83, WEST
-124.5,48, WIND ,1636,-999,57.94,7.43,4.83,3.01,6.11,6.01,5.31,4.68,3.97,3.85,3.45,3.11,3.5,4.89,6.47,6.6, WEST
-124,40, WIND ,2359,-999,59.15,6.21,4.93,3.85,5,5.12,5.12,5.06,5.55,5.68,4.96,4.58,4.35,4.3,4.46,4.97, WEST
-124,40.5, WIND ,2341,-999,54.89,5.9,4.57,3.49,4.98,5.09,4.89,4.58,4.83,4.95,4.29,3.94,3.87,4.11,4.35,5.02, WEST
-124,41, WIND ,2324,-999,57.27,6.45,4.77,3.67,5.39,5.51,5.15,4.57,4.76,4.88,4.36,4.12,4.06,4.32,4.68,5.48, WEST
-124,41.5, WIND ,2306,-999,50.35,5.86,4.2,3,4.88,5.01,4.68,4.14,4.18,4.2,3.59,3.3,3.33,3.71,4.27,5.08, WEST
-124,42, WIND ,2288,-999,51.62,5.97,4.3,3.08,4.93,5.15,4.7,4.16,4.09,4.2,3.72,3.42,3.51,3.93,4.54,5.25, WEST
-124,42.5, WIND ,2269,-999,46.88,4.99,3.91,3.1,4.17,4.35,3.85,3.63,3.81,4.06,3.92,3.61,3.44,3.52,4.04,4.49, WEST
-124,43, WIND ,2251,-999,45.47,4.74,3.79,3.08,3.99,4.11,3.68,3.57,3.68,3.93,3.83,3.5,3.4,3.51,3.97,4.3, WEST
-124,43.5, WIND ,2233,-999,57.9,6.42,4.83,3.76,5.32,5.48,4.94,4.57,4.43,4.64,4.53,4.16,4.16,4.6,5.35,5.72, WEST
-124,44, WIND ,2214,-999,58.52,6.86,4.88,3.57,5.73,5.79,5.19,4.69,4.32,4.37,4.22,3.83,3.91,4.57,5.72,6.17, WEST
-124,44.5, WIND ,2195,-999,60.53,6.83,5.04,3.86,5.62,5.77,5.24,4.82,4.55,4.7,4.66,4.26,4.27,4.81,5.78,6.04, WEST
-124,45, WIND ,2176,-999,56.47,6.4,4.71,3.56,5.2,5.37,4.92,4.55,4.23,4.34,4.32,3.92,3.99,4.55,5.47,5.62, WEST
-124,45.5, WIND ,2157,-999,63.91,7.77,5.33,3.74,6.53,6.52,5.7,5.07,4.62,4.57,4.32,3.94,4.16,5.07,6.54,6.87, WEST
-124,46, WIND ,1971,-999,60.87,7.45,5.07,3.34,6.24,6.19,5.55,4.95,4.4,4.24,3.88,3.45,3.92,4.93,6.41,6.71, WEST
-124,46.5, WIND ,2118,-999,63.66,7.79,5.3,3.61,6.56,6.46,5.71,5.1,4.6,4.51,4.17,3.72,4.06,5.1,6.69,6.97, WEST
-124,47, WIND ,2098,-999,60.45,7.09,5.04,3.63,6.05,5.94,5.29,4.84,4.46,4.5,4.28,3.81,3.91,4.75,6.2,6.41, WEST
-124,47.5, WIND ,2078,-999,53.83,7,4.49,2.71,5.79,5.73,5.06,4.4,3.69,3.54,3.11,2.81,3.14,4.42,5.98,6.14, WEST
-123.5,39, WIND ,2393,-999,68.17,7.44,5.68,4.23,5.23,5.49,5.76,6.06,6.74,6.91,6.01,5.69,5.17,5,4.99,5.12, WEST
-123.5,39.5, WIND ,2376,-999,54.82,5.79,4.57,3.53,4.5,4.64,4.7,4.73,5.23,5.34,4.69,4.37,4.09,4.02,4.09,4.41, WEST
-123.5,40, WIND ,2359,-999,64.13,6.8,5.34,4.13,5.55,5.67,5.48,5.31,5.81,6.04,5.28,4.91,4.8,4.82,4.96,5.48, WEST
-123.5,40.5, WIND ,2341,-999,44.37,4.85,3.7,2.86,4.06,4.18,4.03,3.74,3.88,3.94,3.25,3.12,3.24,3.38,3.54,4.02, WEST
-123.5,41, WIND ,2324,-999,49.27,5.94,4.11,2.71,5.04,5.15,4.77,4.19,3.96,3.7,2.89,2.88,3.18,3.81,4.53,5.17, WEST
-123.5,41.5, WIND ,2306,-999,42.79,4.95,3.57,2.55,4.16,4.3,4.01,3.61,3.38,3.16,2.65,2.73,2.95,3.41,4.01,4.42, WEST
-123.5,42, WIND ,2288,-999,45.53,5.04,3.79,2.89,4.28,4.44,4.11,3.79,3.62,3.51,3.08,3.06,3.26,3.67,4.16,4.56, WEST
-123.5,42.5, WIND ,2269,-999,45.01,4.77,3.75,3.04,4.01,4.13,3.86,3.66,3.57,3.7,3.46,3.35,3.44,3.64,3.94,4.27, WEST
-123.5,43, WIND ,2251,-999,51.19,5.53,4.27,3.42,4.68,4.75,4.23,4.01,4.04,4.27,4.07,3.82,3.76,3.97,4.6,5, WEST
-123.5,43.5, WIND ,2233,-999,50.02,5.65,4.17,3.25,4.66,4.76,4.24,3.95,3.86,4.01,3.79,3.51,3.56,3.93,4.73,5.02, WEST
-123.5,44, WIND ,2214,-999,36.95,3.78,3.08,2.57,3.2,3.26,2.95,2.93,3.02,3.2,3.12,2.9,2.82,2.81,3.32,3.43, WEST
-123.5,44.5, WIND ,2195,-999,42.84,4.78,3.57,2.86,3.9,4.06,3.74,3.55,3.31,3.3,3.14,3,3.16,3.46,4.09,4.14, WEST
-123.5,45, WIND ,2176,-999,64.73,7.83,5.39,3.89,6.43,6.52,5.79,5.17,4.7,4.71,4.51,4.16,4.3,5.16,6.47,6.82, WEST
-123.5,45.5, WIND ,2157,-999,63.24,7.89,5.27,3.73,6.39,6.42,5.68,5.06,4.55,4.5,4.32,3.97,4.08,5,6.49,6.79, WEST
-123.5,46, WIND ,2137,-999,49.59,5.91,4.13,2.95,4.92,4.91,4.42,3.98,3.65,3.61,3.35,3.04,3.31,4,5.14,5.27, WEST
-123.5,46.5, WIND ,2118,-999,48.02,5.32,4,3.14,4.45,4.51,4.18,3.91,3.7,3.77,3.56,3.28,3.4,3.83,4.72,4.71, WEST
-123.5,47, WIND ,2098,-999,45.52,4.91,3.79,3.02,4.13,4.2,3.99,3.77,3.55,3.68,3.48,3.2,3.22,3.6,4.39,4.32, WEST
-123.5,47.5, WIND ,2078,-999,51.71,6.55,4.31,2.63,5.57,5.48,4.9,4.28,3.63,3.49,2.92,2.72,3.13,4.23,5.6,5.76, WEST
-123.5,48, WIND ,1167,-999,46.66,6.05,3.89,2.26,5.11,5.01,4.47,3.87,3.15,2.93,2.43,2.35,2.84,3.99,5.22,5.29, WEST
-123,38.5, WIND ,2410,-999,51.59,5.35,4.3,3.29,4.13,4.26,4.46,4.59,4.92,4.79,4.46,4.39,4.02,3.69,3.84,4.06, WEST
-123,39.5, WIND ,2376,-999,40.25,4.77,3.35,2.25,4.16,4.19,3.94,3.49,3.33,2.98,2.4,2.42,2.54,3.08,3.62,4.09, WEST
-123,40, WIND ,2359,-999,41.83,4.55,3.49,2.67,3.96,4.03,3.85,3.61,3.65,3.41,2.91,2.85,2.92,3.24,3.54,3.86, WEST
-123,40.5, WIND ,2341,-999,34.02,3.61,2.84,2.26,2.88,3.06,3.14,3.04,2.91,2.93,2.56,2.77,2.63,2.53,2.65,2.92, WEST
-123,41, WIND ,2324,-999,40.5,4.62,3.37,2.53,3.99,4.01,3.7,3.35,3.3,3.14,2.68,2.71,2.83,3.13,3.59,4.08, WEST
-123,41.5, WIND ,2306,-999,38.44,4.2,3.2,2.49,3.53,3.64,3.47,3.27,3.25,3.11,2.67,2.66,2.74,2.98,3.38,3.76, WEST
-123,42, WIND ,2288,-999,40.99,4.38,3.42,2.76,3.77,3.87,3.59,3.38,3.38,3.35,2.97,2.9,2.98,3.24,3.59,3.97, WEST
-123,42.5, WIND ,2269,-999,40.01,4.02,3.33,2.76,3.52,3.5,3.12,3.17,3.46,3.6,3.4,3.25,3.09,2.94,3.26,3.67, WEST
-123,43, WIND ,2251,-999,44.83,4.54,3.74,3.04,3.88,3.82,3.37,3.38,3.78,4.1,4.03,3.78,3.5,3.28,3.76,4.15, WEST
-123,43.5, WIND ,2233,-999,46.55,5.54,3.88,2.93,4.61,4.56,3.98,3.64,3.53,3.55,3.26,3.08,3.16,3.61,4.61,4.94, WEST
-123,44, WIND ,2214,-999,39.97,4.18,3.33,2.8,3.53,3.61,3.3,3.24,3.21,3.33,3.2,3.03,3.03,3.12,3.62,3.74, WEST
-123,44.5, WIND ,2195,-999,49.21,5.71,4.1,3.18,4.66,4.76,4.35,4.06,3.73,3.68,3.45,3.31,3.49,3.93,4.81,4.97, WEST
-123,45, WIND ,2176,-999,37.55,4.2,3.13,2.46,3.38,3.53,3.38,3.18,2.87,2.83,2.72,2.59,2.8,3.11,3.59,3.57, WEST
-123,45.5, WIND ,2157,-999,31.88,3.57,2.66,2.01,2.9,3.04,2.9,2.8,2.56,2.43,2.21,2.09,2.23,2.52,3.11,3.08, WEST
-123,46, WIND ,2137,-999,46.1,4.98,3.84,3.12,4.29,4.23,3.8,3.58,3.56,3.74,3.68,3.4,3.3,3.52,4.41,4.57, WEST
-123,46.5, WIND ,2118,-999,47.77,5.61,3.98,2.94,4.61,4.61,4.22,3.89,3.57,3.55,3.22,3.02,3.27,3.88,4.95,4.97, WEST
-123,47, WIND ,2098,-999,44.34,4.86,3.7,2.9,4.13,4.16,3.9,3.65,3.42,3.53,3.33,3.05,3.08,3.47,4.31,4.32, WEST
-123,47.5, WIND ,2078,-999,42.1,5.05,3.51,2.43,4.05,4.13,3.97,3.65,3.07,3.02,2.63,2.48,2.85,3.54,4.42,4.29, WEST
-123,48, WIND ,1189,-999,45.95,6.14,3.83,2.08,5.13,5.03,4.53,3.85,3.03,2.73,2.23,2.18,2.71,3.95,5.27,5.31, WEST
-123,48.5, WIND ,1328,-999,36.31,4.99,3.03,1.66,3.92,3.81,3.5,2.92,2.31,2.09,1.84,1.74,2.05,3.12,4.39,4.62, WEST
-122.5,38, WIND ,2211,-999,43.94,4.71,3.66,2.72,3.53,3.73,4.01,4.11,4.29,4.06,3.71,3.55,3.23,2.98,3.28,3.47, WEST
-122.5,41.5, WIND ,2306,-999,46.69,5.43,3.89,2.73,4.58,4.69,4.49,4.08,3.76,3.41,2.83,2.97,3.11,3.61,4.35,4.8, WEST
-122.5,42, WIND ,2288,-999,39.36,4.1,3.28,2.68,3.54,3.63,3.43,3.33,3.32,3.28,2.9,2.84,2.87,3.09,3.42,3.7, WEST
-122.5,42.5, WIND ,2269,-999,45.31,4.81,3.78,3.07,4.27,4.28,3.88,3.77,3.81,3.74,3.34,3.25,3.23,3.43,3.94,4.36, WEST
-122.5,43, WIND ,2251,-999,47.3,5.27,3.94,3.13,4.55,4.5,3.94,3.68,3.78,3.88,3.63,3.44,3.33,3.49,4.28,4.8, WEST
-122.5,43.5, WIND ,2233,-999,47.08,5.68,3.92,2.88,4.72,4.7,4.16,3.74,3.55,3.5,3.16,3.02,3.11,3.66,4.7,5.05, WEST
-122.5,44, WIND ,2214,-999,48.32,5.7,4.03,2.94,4.72,4.8,4.39,4.05,3.73,3.63,3.2,3.04,3.23,3.83,4.76,4.95, WEST
-122.5,44.5, WIND ,2195,-999,52.01,6.43,4.33,2.9,5.37,5.41,4.86,4.36,3.84,3.57,3.06,3,3.33,4.19,5.39,5.61, WEST
-122.5,45, WIND ,2176,-999,41.34,4.83,3.44,2.57,3.87,4.03,3.79,3.49,3.14,3.06,2.8,2.68,2.87,3.37,4.13,4.11, WEST
-122.5,45.5, WIND ,2157,-999,40.28,4.55,3.36,2.54,3.88,3.93,3.63,3.44,3.17,3,2.75,2.63,2.76,3.13,3.93,4.02, WEST
-122.5,46, WIND ,2137,-999,37.4,3.97,3.12,2.52,3.45,3.47,3.2,3.03,2.95,2.97,2.89,2.72,2.72,2.86,3.52,3.62, WEST
-122.5,46.5, WIND ,2118,-999,44.27,5.22,3.69,2.71,4.3,4.31,3.94,3.59,3.33,3.32,2.97,2.79,3.01,3.56,4.58,4.58, WEST
-122.5,47, WIND ,2098,-999,40.77,4.75,3.4,2.42,3.87,3.97,3.85,3.55,3.08,3.07,2.67,2.47,2.78,3.34,4.12,3.98, WEST
-122.5,47.5, WIND ,2078,-999,53.38,6.24,4.45,3.23,5.02,5.05,4.96,4.68,4,3.98,3.48,3.32,3.73,4.48,5.42,5.26, WEST
-122.5,48, WIND ,2058,-999,39.21,5.25,3.27,1.89,4.19,4.16,3.84,3.33,2.6,2.4,2.07,1.96,2.34,3.34,4.48,4.5, WEST
-122.5,48.5, WIND ,2038,-999,39.57,5.37,3.3,1.88,4.2,4.12,3.8,3.17,2.54,2.33,2.09,1.96,2.3,3.43,4.68,4.93, WEST
-122,36.5, WIND ,2201,-999,55.03,5.93,4.59,3.4,4.49,4.86,5.01,5.25,5.26,4.83,4.41,4.35,3.74,3.95,4.5,4.38, WEST
-122,40, WIND ,2359,-999,53.66,6.06,4.47,3.27,5.26,5.32,5.07,4.64,4.23,4.18,3.52,3.76,3.6,3.99,4.76,5.34, WEST
-122,40.5, WIND ,2341,-999,50.59,5.76,4.22,3.13,4.9,5.04,4.81,4.4,4.01,3.87,3.34,3.53,3.5,3.8,4.36,5.04, WEST
-122,41, WIND ,2324,-999,41.85,4.33,3.49,2.86,3.69,3.75,3.87,3.75,3.49,3.31,2.95,3.2,3.18,3.39,3.52,3.75, WEST
-122,42.5, WIND ,2269,-999,41.33,4.21,3.44,2.87,3.63,3.74,3.59,3.53,3.57,3.52,3.16,3.1,3.03,3.14,3.52,3.8, WEST
-122,43, WIND ,2251,-999,43.74,4.79,3.64,2.72,4.04,4.2,4.06,3.84,3.65,3.42,2.85,2.85,3.04,3.49,4.1,4.2, WEST
-122,43.5, WIND ,2233,-999,46.96,5.14,3.91,2.87,4.36,4.5,4.36,4.18,3.95,3.7,3.04,2.99,3.22,3.76,4.42,4.47, WEST
-122,44, WIND ,2214,-999,53.77,6.79,4.48,2.83,5.8,5.78,5.12,4.44,3.89,3.58,2.96,2.96,3.31,4.33,5.65,5.95, WEST
-122,44.5, WIND ,2195,-999,51.97,6.58,4.33,2.96,5.46,5.4,4.74,4.13,3.72,3.54,3.2,3.07,3.28,4.15,5.48,5.81, WEST
-122,45, WIND ,2176,-999,53.32,6.54,4.44,3.08,5.49,5.45,4.93,4.38,3.93,3.75,3.31,3.17,3.42,4.25,5.52,5.73, WEST
-122,45.5, WIND ,2157,-999,48.27,5.03,4.02,3.23,4.35,4.41,4.26,4.15,4.05,4,3.65,3.51,3.49,3.75,4.32,4.31, WEST
-122,46, WIND ,2137,-999,56.88,6.19,4.74,3.66,5.53,5.5,5.04,4.7,4.47,4.41,4,3.84,4,4.54,5.38,5.46, WEST
-122,46.5, WIND ,2118,-999,51.09,6.28,4.26,2.87,5.41,5.29,4.68,4.09,3.67,3.57,3.07,2.97,3.31,4.15,5.38,5.51, WEST
-122,47, WIND ,2098,-999,50.29,6.56,4.19,2.51,5.43,5.33,4.85,4.16,3.46,3.31,2.74,2.6,3.08,4.16,5.55,5.62, WEST
-122,47.5, WIND ,2078,-999,41.06,4.85,3.42,2.47,3.79,3.88,3.85,3.55,3.01,3.03,2.71,2.55,2.86,3.49,4.24,4.1, WEST
-122,48, WIND ,2058,-999,38.49,4.98,3.21,2.09,3.98,3.87,3.61,3.19,2.61,2.55,2.32,2.18,2.36,3.17,4.3,4.37, WEST
-122,48.5, WIND ,2038,-999,38.27,5.02,3.19,1.96,4.09,3.97,3.64,3.16,2.53,2.4,2.14,2.02,2.27,3.21,4.38,4.47, WEST
-121.5,36, WIND ,2492,-999,44.5,4.81,3.71,2.75,3.7,3.94,4.05,4.3,4.39,3.94,3.51,3.39,3.04,3.07,3.61,3.55, WEST
-121.5,39, WIND ,2393,-999,31.6,3.41,2.63,2.06,2.83,2.9,2.8,2.68,2.63,2.71,2.35,2.51,2.45,2.32,2.58,2.85, WEST
-121.5,39.5, WIND ,2376,-999,33.96,3.88,2.83,2.15,3.17,3.32,3.14,2.89,2.71,2.71,2.38,2.62,2.47,2.43,2.85,3.27, WEST
-121.5,40, WIND ,2359,-999,48.12,5.54,4.01,2.99,4.87,4.87,4.52,4.08,3.72,3.48,3.09,3.34,3.2,3.64,4.34,4.98, WEST
-121.5,40.5, WIND ,2341,-999,38.55,4.53,3.21,2.35,3.69,3.88,3.72,3.36,3.07,2.83,2.49,2.78,2.64,2.83,3.42,3.86, WEST
-121.5,41, WIND ,2324,-999,39.16,3.89,3.26,2.74,3.25,3.33,3.52,3.56,3.39,3.24,2.95,3.09,3,3.2,3.27,3.35, WEST
-121.5,42.5, WIND ,2269,-999,43.38,4.41,3.61,2.98,3.76,3.94,3.92,3.81,3.68,3.57,3.19,3.18,3.19,3.45,3.78,3.9, WEST
-121.5,43, WIND ,2251,-999,58.05,6.98,4.84,3.17,5.95,5.99,5.61,4.98,4.44,4.04,3.33,3.37,3.71,4.59,5.83,6.23, WEST
-121.5,43.5, WIND ,2233,-999,47,5.19,3.92,2.86,4.42,4.55,4.36,4.16,3.91,3.67,3.04,2.96,3.19,3.77,4.46,4.52, WEST
-121.5,46, WIND ,2137,-999,49.56,4.88,4.13,3.39,4.37,4.29,4.02,4.1,4.24,4.4,4.32,4.04,3.72,3.64,4.14,4.27, WEST
-121.5,46.5, WIND ,2118,-999,54.75,6.64,4.56,3.06,5.76,5.61,5.08,4.49,4,3.88,3.31,3.19,3.53,4.45,5.66,5.8, WEST
-121.5,47, WIND ,2098,-999,51.66,5.25,4.3,3.57,4.81,4.58,4.23,4.13,4.28,4.48,4.17,3.91,3.81,4.01,4.56,4.71, WEST
-121.5,47.5, WIND ,2078,-999,50.73,5.39,4.23,3.42,5.04,4.74,4.19,4.01,4.02,4.17,3.91,3.68,3.6,3.9,4.61,4.84, WEST
-121.5,48.5, WIND ,2038,-999,44.61,5.87,3.72,2.22,4.84,4.71,4.27,3.64,2.9,2.7,2.4,2.29,2.68,3.84,5.1,5.25, WEST
-121,35.5, WIND ,2508,-999,43.32,4.64,3.61,2.7,3.68,3.87,3.95,4.19,4.23,3.72,3.41,3.3,3.03,2.92,3.46,3.55, WEST
-121,36, WIND ,2492,-999,40.3,4.03,3.36,2.68,3.52,3.64,3.54,3.49,3.53,3.34,3.48,3.32,3,2.81,3.26,3.35, WEST
-121,38, WIND ,2427,-999,37.6,3.85,3.13,2.49,3.17,3.18,3.14,3.19,3.38,3.3,3.31,3.19,2.92,2.75,2.95,3.13, WEST
-121,38.5, WIND ,2410,-999,30.23,3.16,2.52,1.71,2.15,2.27,2.33,2.46,2.75,3.04,3.05,2.98,2.75,2.26,2.06,2.14, WEST
-121,39, WIND ,2393,-999,33,3.34,2.75,2.22,2.77,2.86,2.82,2.77,2.8,2.95,2.68,2.75,2.69,2.5,2.63,2.79, WEST
-121,39.5, WIND ,2376,-999,38.39,4.22,3.2,2.49,3.52,3.62,3.58,3.38,3.19,3.04,2.63,2.9,2.83,2.86,3.25,3.59, WEST
-121,40, WIND ,2359,-999,51.98,5.77,4.33,3.28,4.94,4.97,4.92,4.62,4.27,3.96,3.47,3.6,3.46,3.99,4.71,5.08, WEST
-121,42, WIND ,2288,-999,38.71,3.86,3.23,2.69,3.29,3.44,3.49,3.45,3.42,3.25,2.9,2.89,2.84,2.98,3.28,3.47, WEST
-121,42.5, WIND ,2269,-999,43.64,4.62,3.64,2.87,3.8,4.03,4.1,3.92,3.69,3.5,3.07,3.07,3.12,3.45,3.87,4.01, WEST
-121,47, WIND ,2098,-999,42.71,4.47,3.56,2.64,2.96,3.17,3.53,3.85,4.01,4.2,4.1,3.84,3.49,3.28,3.28,2.99, WEST
-121,47.5, WIND ,2078,-999,48.09,5.31,4.01,3.1,4.83,4.6,4.17,3.87,3.7,3.76,3.44,3.23,3.32,3.81,4.62,4.74, WEST
-120.5,34.5, WIND ,2539,-999,65.42,7.58,5.45,3.86,5.32,5.82,6.3,7.01,6.77,5.52,4.68,4.56,4.47,4.51,5.24,5.22, WEST
-120.5,35, WIND ,2524,-999,58.99,6.54,4.92,3.66,4.71,5.08,5.41,6,5.99,5.21,4.55,4.42,4.12,4.14,4.69,4.66, WEST
-120.5,37.5, WIND ,2444,-999,46.76,4.77,3.9,2.92,3.54,3.76,3.8,4.08,4.4,4.35,4.38,4.26,3.83,3.42,3.47,3.47, WEST
-120.5,38, WIND ,2427,-999,38.92,4.3,3.24,2.64,3.65,3.72,3.47,3.31,3.31,3.02,2.95,2.94,2.8,2.81,3.28,3.67, WEST
-120.5,38.5, WIND ,2410,-999,34.62,4.4,2.88,2.01,3.63,3.7,3.37,2.89,2.68,2.33,2.05,2.18,2.29,2.56,3.21,3.74, WEST
-120.5,39, WIND ,2393,-999,39.41,4.87,3.28,2.26,4.05,4.09,3.86,3.43,3.14,2.73,2.33,2.5,2.53,2.93,3.64,4.17, WEST
-120.5,39.5, WIND ,2376,-999,42.39,5.07,3.53,2.39,4.25,4.34,4.18,3.78,3.45,3.06,2.56,2.6,2.61,3.16,3.95,4.46, WEST
-120.5,44, WIND ,2214,-999,38.57,3.82,3.21,2.62,3.25,3.37,3.33,3.36,3.45,3.44,3.19,2.88,2.7,2.85,3.3,3.43, WEST
-120.5,47.5, WIND ,2078,-999,41.65,4.21,3.47,2.75,3.09,3.27,3.64,3.84,3.76,3.82,3.64,3.4,3.29,3.32,3.43,3.16, WEST
-120.5,48, WIND ,2058,-999,37.08,3.87,3.09,2.29,2.52,2.84,3.38,3.6,3.38,3.39,3.17,2.96,2.99,3.09,3.1,2.67, WEST
-120.5,48.5, WIND ,2038,-999,47.81,5.08,3.98,3.05,4.3,4.29,4.39,4.3,3.94,3.82,3.34,3.17,3.49,4.01,4.43,4.34, WEST
-120,37, WIND ,2460,-999,35.85,3.91,2.99,1.96,2.34,2.59,2.76,3.17,3.56,3.59,3.72,3.63,3.23,2.71,2.41,2.16, WEST
-120,37.5, WIND ,2444,-999,26.36,3.13,2.2,1.53,2.61,2.72,2.57,2.38,2.29,1.93,1.7,1.69,1.67,1.88,2.34,2.59, WEST
-120,38, WIND ,2427,-999,35.67,4.06,2.97,2.29,3.41,3.45,3.36,3.08,2.93,2.72,2.41,2.47,2.54,2.66,3.09,3.55, WEST
-120,38.5, WIND ,2410,-999,47.53,5.5,3.96,2.77,4.58,4.66,4.63,4.31,3.95,3.52,2.99,3.05,3.05,3.51,4.45,4.85, WEST
-120,48.5, WIND ,2038,-999,35.38,3.68,2.95,2.25,2.44,2.71,3.26,3.45,3.18,3.13,2.91,2.75,2.8,3.01,3.06,2.68, WEST
-119.5,36, WIND ,2492,-999,27.25,3.24,2.27,1.26,1.53,1.81,2.01,2.44,2.93,2.96,3.08,2.99,2.58,1.91,1.64,1.37, WEST
-119.5,36.5, WIND ,2476,-999,25.88,2.83,2.16,1.48,1.8,2,2.1,2.38,2.66,2.53,2.53,2.46,2.15,1.8,1.79,1.68, WEST
-119.5,37, WIND ,2460,-999,32.07,3.32,2.67,1.9,2.21,2.47,2.56,2.83,3.1,3.07,3.16,3.09,2.82,2.47,2.23,2.05, WEST
-119.5,37.5, WIND ,2444,-999,47.72,5.52,3.98,2.95,4.69,4.76,4.56,4.19,3.85,3.52,3.17,3.22,3.21,3.45,4.33,4.76, WEST
-119.5,43.5, WIND ,2233,-999,36.94,3.76,3.08,2.46,3.09,3.21,3.44,3.48,3.31,3.14,2.78,2.62,2.65,2.9,3.19,3.12, WEST
-119.5,44, WIND ,2214,-999,44.11,4.49,3.68,2.94,3.9,4.02,4.03,3.95,3.79,3.61,3.27,3.07,3.08,3.41,3.93,4.04, WEST
-119.5,44.5, WIND ,2195,-999,54.89,6.23,4.57,3.27,5.38,5.37,5.14,4.75,4.39,4.06,3.56,3.41,3.58,4.32,5.36,5.56, WEST
-119,35.5, WIND ,2508,-999,39.69,4.44,3.31,2.31,2.65,2.87,3.1,3.79,4.23,4.04,3.99,3.78,3.31,2.77,2.61,2.54, WEST
-119,36, WIND ,2492,-999,29.39,3.46,2.45,1.39,1.66,1.94,2.16,2.67,3.14,3.14,3.29,3.22,2.83,2.08,1.75,1.5, WEST
-119,36.5, WIND ,2476,-999,31.33,3.34,2.61,1.8,2.09,2.34,2.47,2.81,3.11,3.03,3.1,3.1,2.82,2.34,2.15,1.98, WEST
-119,37, WIND ,2460,-999,26.5,2.79,2.21,1.76,2.33,2.49,2.42,2.43,2.38,2.08,2.06,2.07,1.94,1.93,2.15,2.23, WEST
-119,44, WIND ,2214,-999,49.03,5.22,4.09,3.08,4.63,4.64,4.61,4.41,4.08,3.76,3.33,3.2,3.35,3.87,4.53,4.61, WEST
-119,44.5, WIND ,2195,-999,47.02,4.86,3.92,3.06,4.3,4.3,4.3,4.25,3.99,3.71,3.33,3.2,3.3,3.71,4.29,4.36, WEST
-119,45, WIND ,2176,-999,41.28,4.13,3.44,2.85,3.63,3.66,3.59,3.59,3.5,3.38,3.2,3.05,2.99,3.19,3.71,3.79, WEST
-119,48, WIND ,2058,-999,38.89,4.05,3.24,2.49,2.66,2.94,3.62,3.78,3.45,3.41,3.22,3.08,3.07,3.28,3.4,2.97, WEST
-119,48.5, WIND ,2038,-999,38.4,4.05,3.2,2.53,2.9,3.16,3.64,3.66,3.26,3.06,2.85,2.8,2.95,3.36,3.56,3.22, WEST
-118.5,36, WIND ,2492,-999,41.59,4.44,3.47,2.67,3.83,3.92,3.84,3.83,3.66,3.28,3.08,3.01,2.95,3.01,3.52,3.65, WEST
-118.5,44.5, WIND ,2195,-999,45.71,4.65,3.81,3.04,4,4.08,4.2,4.19,3.94,3.69,3.36,3.19,3.26,3.61,4.08,4.1, WEST
-118.5,45, WIND ,2176,-999,52.24,5.84,4.35,3.12,5.2,5.11,4.83,4.53,4.1,3.78,3.37,3.27,3.51,4.15,5.11,5.27, WEST
-118.5,48, WIND ,2058,-999,37.17,3.87,3.1,2.37,2.54,2.84,3.46,3.6,3.3,3.24,3.09,2.95,2.95,3.14,3.24,2.82, WEST
-118.5,48.5, WIND ,2038,-999,35.37,3.65,2.95,2.36,2.56,2.8,3.32,3.36,3.05,2.91,2.74,2.69,2.79,3.08,3.18,2.89, WEST
-118,45, WIND ,2176,-999,43.73,4.89,3.64,2.73,4.34,4.18,3.89,3.72,3.44,3.18,2.98,2.82,2.91,3.36,4.29,4.63, WEST
-118,45.5, WIND ,2157,-999,38.38,4.16,3.2,2.47,3.68,3.64,3.41,3.29,3.03,2.83,2.71,2.61,2.64,2.97,3.69,3.89, WEST
-118,46, WIND ,2137,-999,53.33,6.22,4.44,3.2,5.33,5.2,4.9,4.61,4.06,3.79,3.45,3.41,3.63,4.28,5.29,5.38, WEST
-118,48, WIND ,2058,-999,39.69,4.16,3.31,2.64,2.92,3.21,3.77,3.81,3.43,3.29,3.06,2.97,3.1,3.38,3.57,3.19, WEST
-118,48.5, WIND ,2038,-999,37.26,3.85,3.1,2.5,2.77,3.01,3.5,3.54,3.19,3.04,2.83,2.79,2.91,3.21,3.39,3.08, WEST
-117.5,45, WIND ,2176,-999,34.68,3.58,2.89,2.34,2.95,3.07,3.14,3.09,2.87,2.71,2.64,2.48,2.51,2.74,3.22,3.26, WEST
-117.5,45.5, WIND ,2157,-999,41.53,4.72,3.46,2.48,4.09,4.1,3.87,3.63,3.17,2.9,2.65,2.61,2.84,3.4,4.15,4.13, WEST
-117.5,47.5, WIND ,2078,-999,40.94,4.32,3.41,2.72,3.23,3.44,3.82,3.87,3.49,3.35,3.07,2.99,3.14,3.47,3.71,3.38, WEST
-117.5,48, WIND ,2058,-999,39.64,4.12,3.3,2.66,2.96,3.19,3.71,3.82,3.47,3.32,3.07,3,3.14,3.35,3.47,3.14, WEST
-117.5,48.5, WIND ,2038,-999,36.82,3.8,3.07,2.48,2.74,2.96,3.44,3.5,3.17,3.01,2.82,2.77,2.9,3.18,3.32,3.03, WEST
-117,34, WIND ,2555,-999,35.27,3.49,2.94,2.33,2.97,3.02,3.11,3.18,3.2,3.12,3.06,3.02,2.8,2.44,2.56,2.78, WEST
-117,45, WIND ,2176,-999,38.14,3.99,3.18,2.53,3.15,3.37,3.57,3.51,3.23,2.99,2.82,2.73,2.81,3.09,3.48,3.39, WEST
-117,47, WIND ,2098,-999,43.3,4.65,3.61,2.86,3.67,3.79,3.97,3.94,3.52,3.34,3.09,3.06,3.25,3.62,4.13,3.91, WEST
-117,47.5, WIND ,2078,-999,40.89,4.28,3.41,2.72,3.1,3.33,3.8,3.94,3.57,3.41,3.12,3.04,3.2,3.47,3.62,3.28, WEST
-117,48, WIND ,2058,-999,40.78,4.25,3.4,2.73,3.04,3.27,3.8,3.93,3.59,3.41,3.14,3.09,3.23,3.46,3.57,3.25, WEST
-117,48.5, WIND ,2038,-999,42.29,4.39,3.52,2.84,3.37,3.54,3.91,4.01,3.62,3.44,3.11,3.02,3.23,3.62,3.84,3.57, WEST
-116.5,44.5, WIND ,2195,-999,33.85,3.43,2.82,2.03,2.19,2.55,3.06,3.2,3.11,3.05,3.05,2.9,2.8,2.73,2.74,2.48, WEST
-116.5,45, WIND ,2176,-999,40.88,4.47,3.41,2.58,3.64,3.83,3.87,3.66,3.29,2.93,2.71,2.76,3.01,3.44,3.9,3.83, WEST
-116.5,45.5, WIND ,2157,-999,34.27,3.76,2.86,2.21,3.21,3.22,3.08,2.99,2.74,2.52,2.36,2.3,2.43,2.75,3.31,3.37, WEST
-116.5,46.5, WIND ,2118,-999,33.09,3.25,2.76,2.35,2.65,2.68,2.92,3.03,2.8,2.69,2.61,2.61,2.64,2.65,2.9,2.91, WEST
-116.5,47, WIND ,2098,-999,48.44,5.36,4.04,3.03,4.4,4.42,4.45,4.38,3.86,3.58,3.24,3.21,3.53,4.07,4.71,4.58, WEST
-116.5,47.5, WIND ,2078,-999,50.54,5.46,4.21,3.25,4.29,4.45,4.65,4.78,4.28,4,3.54,3.46,3.76,4.28,4.69,4.36, WEST
-116.5,48, WIND ,2058,-999,47.32,4.99,3.94,3.11,3.94,4.1,4.3,4.47,4.06,3.83,3.42,3.29,3.54,4,4.33,4.03, WEST
-116.5,48.5, WIND ,2038,-999,41.15,4.26,3.43,2.77,3.22,3.4,3.78,3.92,3.56,3.38,3.06,2.97,3.18,3.55,3.7,3.41, WEST
-116,43.5, WIND ,2233,-999,39.48,4.03,3.29,2.62,3.33,3.42,3.63,3.62,3.45,3.26,3.01,2.75,2.83,3.03,3.51,3.64, WEST
-116,44, WIND ,2214,-999,40.46,4.16,3.37,2.74,3.45,3.58,3.79,3.73,3.46,3.17,3,2.98,3.02,3.21,3.55,3.51, WEST
-116,44.5, WIND ,2195,-999,35.09,3.6,2.92,2.3,2.57,2.89,3.27,3.31,3.11,2.92,2.82,2.78,2.79,2.86,2.98,2.79, WEST
-116,45, WIND ,2176,-999,51.99,5.81,4.33,3.1,4.96,5.06,4.94,4.53,4.02,3.55,3.21,3.34,3.71,4.38,5.11,5.18, WEST
-116,45.5, WIND ,2157,-999,42.29,4.89,3.52,2.43,4.22,4.21,3.94,3.67,3.24,2.83,2.54,2.55,2.91,3.5,4.28,4.39, WEST
-116,46, WIND ,2137,-999,38.18,4.04,3.18,2.48,3.47,3.52,3.45,3.44,3.16,2.9,2.64,2.57,2.83,3.12,3.56,3.53, WEST
-116,46.5, WIND ,2118,-999,32.08,3.22,2.67,2.22,2.63,2.63,2.85,2.97,2.76,2.63,2.45,2.38,2.53,2.6,2.84,2.82, WEST
-116,47, WIND ,2098,-999,53.09,5.98,4.42,3.21,5.09,4.99,4.81,4.73,4.17,3.81,3.41,3.37,3.8,4.49,5.23,5.18, WEST
-116,47.5, WIND ,2078,-999,51.52,5.6,4.29,3.28,4.53,4.56,4.68,4.75,4.24,3.95,3.52,3.47,3.81,4.38,4.92,4.71, WEST
-116,48, WIND ,2058,-999,48.74,5.12,4.06,3.19,4.2,4.28,4.35,4.55,4.11,3.86,3.48,3.34,3.65,4.15,4.51,4.26, WEST
-116,48.5, WIND ,2038,-999,45.4,4.67,3.78,3.04,3.79,3.9,4.07,4.28,3.93,3.72,3.32,3.18,3.43,3.86,4.07,3.84, WEST
-115.5,43.5, WIND ,2233,-999,45.87,4.65,3.82,3.01,4.09,4.08,4.18,4.18,3.92,3.71,3.4,3.17,3.31,3.59,4.04,4.2, WEST
-115.5,44, WIND ,2214,-999,44.84,4.88,3.74,2.84,4.19,4.23,4.31,4.03,3.65,3.28,3,3.05,3.25,3.6,4.1,4.15, WEST
-115.5,44.5, WIND ,2195,-999,48.81,5.26,4.07,3.09,4.57,4.62,4.57,4.25,3.87,3.53,3.21,3.32,3.64,4.1,4.58,4.56, WEST
-115.5,45, WIND ,2176,-999,52.41,5.78,4.37,3.21,5.09,5.07,4.85,4.48,4.07,3.68,3.31,3.42,3.85,4.44,5.04,5.1, WEST
-115.5,45.5, WIND ,2157,-999,42.35,4.78,3.53,2.5,4.18,4.14,3.89,3.7,3.34,2.92,2.61,2.61,3.02,3.54,4.16,4.24, WEST
-115.5,46, WIND ,2137,-999,41.42,4.23,3.45,2.76,3.7,3.72,3.69,3.75,3.52,3.22,2.91,2.85,3.14,3.44,3.75,3.71, WEST
-115.5,46.5, WIND ,2118,-999,38.37,4.04,3.2,2.56,3.28,3.32,3.47,3.58,3.27,3.03,2.77,2.69,2.93,3.18,3.5,3.34, WEST
-115.5,47, WIND ,2098,-999,55.66,6.31,4.64,3.33,5.47,5.29,4.98,4.89,4.33,3.95,3.53,3.49,3.96,4.72,5.52,5.52, WEST
-115.5,47.5, WIND ,2078,-999,53.26,5.7,4.44,3.41,4.81,4.79,4.74,4.9,4.4,4.07,3.66,3.56,3.94,4.54,5.03,4.82, WEST
-115.5,48, WIND ,2058,-999,44.27,4.53,3.69,3.01,3.61,3.74,3.86,4.19,3.87,3.64,3.35,3.21,3.42,3.77,3.94,3.67, WEST
-115.5,48.5, WIND ,2038,-999,43.47,4.51,3.62,2.92,3.56,3.68,3.84,4.16,3.83,3.61,3.24,3.09,3.29,3.71,3.87,3.57, WEST
-115,43.5, WIND ,2233,-999,47.05,4.8,3.92,3.15,4.16,4.14,4.37,4.4,4.1,3.84,3.5,3.35,3.51,3.75,3.97,3.97, WEST
-115,44, WIND ,2214,-999,46.16,4.92,3.85,3.01,4.33,4.29,4.33,4.07,3.74,3.43,3.15,3.22,3.43,3.75,4.16,4.26, WEST
-115,44.5, WIND ,2195,-999,54.25,5.94,4.52,3.38,5.19,5.15,5.07,4.68,4.25,3.87,3.51,3.64,3.97,4.56,5.17,5.2, WEST
-115,45, WIND ,2176,-999,52.91,5.98,4.41,3.15,5.26,5.2,4.92,4.48,4.04,3.61,3.24,3.36,3.79,4.47,5.2,5.34, WEST
-115,45.5, WIND ,2157,-999,42.21,4.51,3.52,2.64,3.93,3.96,3.82,3.75,3.46,3.05,2.74,2.76,3.16,3.59,3.99,4, WEST
-115,46, WIND ,2137,-999,42.91,4.39,3.58,2.85,3.85,3.84,3.83,3.87,3.61,3.26,2.97,2.94,3.28,3.64,3.93,3.91, WEST
-115,46.5, WIND ,2118,-999,47.81,5.17,3.98,3,4.49,4.43,4.27,4.3,3.85,3.48,3.17,3.12,3.55,4.09,4.55,4.49, WEST
-115,47, WIND ,2098,-999,39.92,4.05,3.33,2.72,3.37,3.42,3.48,3.72,3.42,3.14,2.92,2.85,3.11,3.44,3.61,3.43, WEST
-115,47.5, WIND ,2078,-999,43.51,4.48,3.63,2.95,3.62,3.68,3.78,4.11,3.77,3.51,3.23,3.12,3.36,3.73,3.92,3.68, WEST
-115,48, WIND ,2058,-999,37.63,3.91,3.14,2.52,2.82,2.98,3.27,3.68,3.43,3.22,2.97,2.82,2.93,3.23,3.31,2.97, WEST
-115,48.5, WIND ,2038,-999,42.6,4.4,3.55,2.89,3.43,3.58,3.74,4.07,3.76,3.53,3.22,3.09,3.25,3.65,3.8,3.49, WEST
-114.5,44.5, WIND ,2195,-999,52.89,5.65,4.41,3.45,5.03,4.96,4.83,4.56,4.19,3.88,3.6,3.68,3.95,4.4,4.88,4.94, WEST
-114.5,45, WIND ,2176,-999,42.13,4.32,3.51,2.81,3.7,3.76,3.76,3.81,3.59,3.23,2.94,2.96,3.28,3.6,3.79,3.72, WEST
-114.5,45.5, WIND ,2157,-999,38.54,3.84,3.21,2.63,3.26,3.3,3.4,3.54,3.37,3.04,2.77,2.72,3.01,3.29,3.42,3.41, WEST
-114.5,46, WIND ,2137,-999,49.13,5.33,4.09,3.03,4.63,4.59,4.46,4.36,3.95,3.51,3.14,3.17,3.62,4.23,4.73,4.74, WEST
-114.5,46.5, WIND ,2118,-999,52.66,5.91,4.39,3.13,5.24,5.08,4.7,4.54,4.05,3.64,3.27,3.26,3.79,4.57,5.24,5.28, WEST
-114.5,48.5, WIND ,2038,-999,45.04,4.65,3.75,3.06,3.59,3.77,3.95,4.29,3.97,3.73,3.44,3.29,3.42,3.87,4.04,3.68, WEST
-114,44, WIND ,2214,-999,54.99,5.83,4.58,3.62,5.29,5.1,5.08,4.8,4.44,4.13,3.81,3.87,4.07,4.42,4.92,5.07, WEST
-114,45.5, WIND ,2157,-999,35.99,3.55,3,2.5,2.99,3.02,3.17,3.31,3.17,2.86,2.65,2.61,2.83,3.07,3.16,3.15, WEST
-114,46, WIND ,2137,-999,49.44,5.4,4.12,3.04,4.76,4.71,4.43,4.26,3.85,3.46,3.14,3.17,3.65,4.35,4.83,4.85, WEST
-114,46.5, WIND ,2118,-999,48.18,5.11,4.02,3.08,4.49,4.42,4.23,4.28,3.88,3.5,3.24,3.22,3.62,4.2,4.58,4.53, WEST
-114,47, WIND ,2098,-999,41.43,4.18,3.45,2.88,3.47,3.55,3.62,3.89,3.58,3.29,3.13,3.05,3.22,3.54,3.64,3.48, WEST
-114,47.5, WIND ,2078,-999,44.86,4.76,3.74,2.92,3.92,3.96,3.9,4.13,3.75,3.44,3.19,3.1,3.33,3.9,4.25,3.97, WEST
-114,48, WIND ,2058,-999,50.18,5.32,4.18,3.25,4.31,4.4,4.39,4.67,4.23,3.95,3.6,3.43,3.67,4.39,4.77,4.35, WEST
-114,48.5, WIND ,2038,-999,67.86,7.63,5.65,4.16,6.51,6.24,5.82,5.84,5.31,5.07,4.63,4.42,4.7,5.86,6.85,6.63, WEST
-113.5,44.5, WIND ,2195,-999,45.41,4.59,3.78,3.05,4.04,4.03,4.08,4.12,3.89,3.52,3.21,3.28,3.54,3.83,3.94,3.92, WEST
-113.5,45, WIND ,2176,-999,35.7,3.54,2.97,2.47,2.95,3.01,3.13,3.31,3.19,2.89,2.66,2.61,2.83,3.07,3.07,2.99, WEST
-113.5,45.5, WIND ,2157,-999,59.91,6.8,4.99,3.46,6.07,5.91,5.53,5.18,4.6,4.05,3.59,3.7,4.25,5.17,5.88,5.99, WEST
-113.5,46, WIND ,2137,-999,61.72,7.04,5.14,3.49,6.33,6.1,5.59,5.24,4.62,4.07,3.6,3.72,4.36,5.45,6.28,6.37, WEST
-113.5,47, WIND ,2098,-999,40.26,4.14,3.36,2.74,3.24,3.41,3.55,3.9,3.6,3.29,3.09,2.98,3.14,3.46,3.43,3.19, WEST
-113.5,47.5, WIND ,2078,-999,64.69,7.35,5.39,3.91,6.41,6.12,5.59,5.53,4.98,4.62,4.23,4.14,4.53,5.59,6.52,6.43, WEST
-113.5,48, WIND ,2058,-999,60.15,6.65,5.01,3.66,5.62,5.54,5.34,5.45,4.86,4.48,4,3.84,4.22,5.22,5.94,5.64, WEST
-113,34.5, WIND ,2539,-999,38.91,3.93,3.24,2.59,2.97,3.15,3.41,3.59,3.73,3.78,3.23,3.03,3.22,2.93,2.92,2.94, WEST
-113,37.5, WIND ,2444,-999,35.93,3.85,2.99,2.23,2.46,2.8,3.3,3.61,3.59,3.55,2.96,2.77,3.06,2.78,2.58,2.48, WEST
-113,44.5, WIND ,2195,-999,47.89,4.79,3.99,3.28,4.05,4.07,4.22,4.34,4.16,3.81,3.48,3.58,3.83,4.12,4.15,4.06, WEST
-113,45.5, WIND ,2157,-999,44.55,4.7,3.71,2.71,4.22,4.19,4,3.91,3.58,3.15,2.79,2.88,3.3,3.97,4.31,4.25, WEST
-113,46, WIND ,2137,-999,56.65,6.3,4.72,3.36,5.66,5.47,5.06,4.9,4.38,3.87,3.47,3.57,4.08,4.97,5.57,5.66, WEST
-113,47, WIND ,2098,-999,46.36,4.82,3.86,3.1,3.92,4.04,4.1,4.4,4,3.65,3.39,3.3,3.51,4.03,4.12,3.9, WEST
-113,47.5, WIND ,2078,-999,64.28,7.34,5.36,3.92,6.32,6.03,5.51,5.45,4.96,4.63,4.29,4.19,4.51,5.57,6.47,6.36, WEST
-112.5,34, WIND ,2555,-999,36.17,3.71,3.01,2.29,2.59,2.73,2.96,3.33,3.55,3.61,3.45,3.14,3.04,2.68,2.54,2.55, WEST
-112.5,34.5, WIND ,2539,-999,43.44,4.44,3.62,2.85,3.42,3.61,3.92,4.12,4.2,4.11,3.4,3.12,3.45,3.32,3.36,3.41, WEST
-112.5,38.5, WIND ,2410,-999,44.71,4.68,3.73,2.85,3.46,3.68,4.19,4.33,4.17,4.05,3.46,3.31,3.6,3.45,3.49,3.52, WEST
-112.5,44.5, WIND ,2195,-999,49.01,4.99,4.08,3.26,4.19,4.28,4.33,4.33,4.28,3.93,3.44,3.54,3.86,4.24,4.35,4.25, WEST
-112.5,45.5, WIND ,2157,-999,58.56,6.71,4.88,3.37,5.97,5.78,5.34,4.95,4.42,3.89,3.48,3.62,4.11,5.09,5.87,6.03, WEST
-112.5,46, WIND ,2137,-999,46.99,4.9,3.92,3.06,4.23,4.23,4.13,4.33,4,3.51,3.2,3.25,3.55,4.09,4.29,4.2, WEST
-112.5,46.5, WIND ,2118,-999,45.78,4.71,3.81,3,4,4.08,4.01,4.24,3.93,3.52,3.2,3.18,3.48,4.03,4.11,3.99, WEST
-112,33.5, WIND ,2570,-999,24.12,2.74,2.01,1.29,1.49,1.66,1.91,2.26,2.48,2.56,2.66,2.42,2.14,1.71,1.44,1.38, WEST
-112,34, WIND ,2555,-999,42.61,4.35,3.55,2.79,3.17,3.29,3.54,3.97,4.19,4.18,3.91,3.51,3.43,3.16,3.11,3.16, WEST
-112,34.5, WIND ,2539,-999,36.43,3.77,3.04,2.4,2.83,2.97,3.2,3.5,3.61,3.52,2.99,2.69,2.86,2.73,2.71,2.8, WEST
-112,35, WIND ,2524,-999,43.52,4.56,3.63,2.77,3.45,3.68,4.01,4.31,4.31,4.05,3.28,2.92,3.34,3.34,3.39,3.43, WEST
-112,40, WIND ,2359,-999,27.16,2.86,2.26,1.66,1.88,2.04,2.57,2.66,2.55,2.57,2.32,2.22,2.34,2.1,1.99,1.92, WEST
-112,40.5, WIND ,2341,-999,29.23,3.04,2.44,1.81,1.96,2.13,2.7,2.85,2.72,2.77,2.54,2.47,2.55,2.26,2.18,2.11, WEST
-112,41, WIND ,2324,-999,37.78,3.82,3.15,2.46,2.89,2.97,3.5,3.54,3.32,3.39,3.06,3,3.19,2.97,2.98,2.98, WEST
-112,41.5, WIND ,2306,-999,34.34,3.51,2.86,2.21,2.55,2.66,3.21,3.27,3.11,3.11,2.8,2.76,2.87,2.71,2.66,2.6, WEST
-112,45, WIND ,2176,-999,54.04,5.81,4.5,3.38,5.07,5.07,4.89,4.63,4.29,3.9,3.5,3.65,4.01,4.69,5.13,5.22, WEST
-111.5,33.5, WIND ,2570,-999,44.65,4.57,3.72,2.91,3.32,3.48,3.82,4.22,4.31,4.27,4.13,3.61,3.5,3.35,3.34,3.31, WEST
-111.5,34, WIND ,2555,-999,42.28,4.35,3.52,2.76,3.14,3.3,3.56,4,4.19,4.14,3.8,3.38,3.35,3.17,3.12,3.13, WEST
-111.5,34.5, WIND ,2539,-999,48.79,5.11,4.07,3.01,4.05,4.27,4.55,4.81,4.75,4.37,3.55,3.15,3.55,3.72,3.95,4.07, WEST
-111.5,39, WIND ,2393,-999,39.59,4.26,3.3,2.47,3.15,3.31,3.92,4.03,3.74,3.52,2.81,2.66,3.14,3.18,3.09,3.03, WEST
-111.5,39.5, WIND ,2376,-999,42.41,4.4,3.53,2.73,3.23,3.4,4.03,4.09,3.92,3.84,3.35,3.21,3.44,3.32,3.3,3.28, WEST
-111.5,40, WIND ,2359,-999,45.28,4.67,3.77,3.03,3.87,3.89,4.23,4.13,3.86,3.86,3.44,3.33,3.61,3.56,3.71,3.79, WEST
-111.5,40.5, WIND ,2341,-999,36,3.67,3,2.34,2.76,2.89,3.37,3.39,3.18,3.18,2.88,2.83,3.02,2.84,2.82,2.84, WEST
-111.5,42.5, WIND ,2269,-999,48.87,5.03,4.07,3.23,4.32,4.28,4.51,4.43,4.18,3.98,3.48,3.48,3.86,3.99,4.12,4.22, WEST
-111.5,43, WIND ,2251,-999,47.46,4.8,3.95,3.2,4.15,4.12,4.26,4.17,4.05,3.89,3.48,3.48,3.8,3.95,4.04,4.06, WEST
-111.5,44, WIND ,2214,-999,41.54,4.25,3.46,2.75,3.28,3.42,3.71,3.82,3.86,3.55,3.07,3.12,3.38,3.61,3.46,3.26, WEST
-111.5,44.5, WIND ,2195,-999,46.53,4.75,3.88,3.08,3.97,4.06,4.11,4.09,4.14,3.79,3.24,3.32,3.66,4.07,4.12,3.97, WEST
-111.5,45, WIND ,2176,-999,51.87,5.54,4.32,3.25,4.76,4.8,4.68,4.42,4.24,3.88,3.37,3.49,3.88,4.52,4.92,4.91, WEST
-111.5,46.5, WIND ,2118,-999,47.85,4.99,3.99,3.13,4.11,4.18,4.24,4.43,4.13,3.66,3.34,3.33,3.61,4.19,4.34,4.28, WEST
-111,31.5, WIND ,2628,-999,45,4.51,3.75,3.01,3.64,3.73,4.02,4.17,4.27,4.16,3.74,3.34,3.41,3.41,3.5,3.61, WEST
-111,33, WIND ,2585,-999,35.99,3.75,3,2.31,2.58,2.76,3.08,3.4,3.45,3.49,3.49,3.05,2.91,2.66,2.6,2.54, WEST
-111,33.5, WIND ,2570,-999,40.14,4.1,3.35,2.68,2.95,3.1,3.37,3.7,3.77,3.85,3.85,3.31,3.18,3.04,3.05,2.97, WEST
-111,34, WIND ,2555,-999,41.69,4.28,3.47,2.78,3.18,3.35,3.62,4.01,4.07,3.95,3.59,3.13,3.21,3.18,3.19,3.2, WEST
-111,40.5, WIND ,2341,-999,55.02,5.96,4.58,3.27,5.38,5.12,5.17,5.07,4.62,4.45,3.58,3.45,4.05,4.46,4.73,4.94, WEST
-111,42, WIND ,2288,-999,46.42,4.77,3.87,3.01,4.24,4.05,4.16,4.24,4.04,3.92,3.32,3.18,3.64,3.84,3.84,3.95, WEST
-111,42.5, WIND ,2269,-999,49.45,5.14,4.12,3.23,4.43,4.37,4.57,4.49,4.22,4.03,3.49,3.45,3.9,4.09,4.17,4.24, WEST
-111,43, WIND ,2251,-999,53.54,5.51,4.46,3.55,4.9,4.78,4.85,4.73,4.52,4.31,3.82,3.78,4.22,4.45,4.52,4.66, WEST
-111,44, WIND ,2214,-999,46.2,4.72,3.85,3.1,3.77,3.9,4.15,4.22,4.18,3.86,3.38,3.41,3.73,3.99,3.88,3.72, WEST
-111,44.5, WIND ,2195,-999,54.22,5.64,4.52,3.54,4.89,4.97,4.85,4.6,4.54,4.25,3.69,3.77,4.16,4.65,4.92,4.91, WEST
-111,45, WIND ,2176,-999,54.11,5.69,4.51,3.51,4.91,4.97,4.84,4.58,4.42,4.12,3.64,3.76,4.12,4.69,5.02,5.03, WEST
-111,45.5, WIND ,2157,-999,48.51,5.49,4.04,2.87,4.83,4.74,4.32,4.1,3.74,3.29,2.98,3.11,3.44,4.2,4.82,4.93, WEST
-111,46.5, WIND ,2118,-999,56.45,6.27,4.7,3.37,5.5,5.38,5.01,4.9,4.44,3.94,3.54,3.61,4.05,4.96,5.56,5.57, WEST
-110.5,32.5, WIND ,2599,-999,43.57,4.39,3.63,2.92,3.49,3.67,3.96,4.09,3.96,3.93,3.83,3.2,3.21,3.24,3.49,3.49, WEST
-110.5,33.5, WIND ,2570,-999,39.68,4.1,3.31,2.61,2.95,3.16,3.44,3.79,3.83,3.84,3.64,3.11,3.04,2.95,2.99,2.94, WEST
-110.5,34, WIND ,2555,-999,41.91,4.31,3.49,2.78,3.28,3.46,3.68,4.04,4.08,3.93,3.48,3.03,3.17,3.19,3.27,3.3, WEST
-110.5,40.5, WIND ,2341,-999,49.86,5.24,4.15,3.04,4.61,4.49,4.77,4.66,4.27,4.17,3.34,3.2,3.86,4.04,4.15,4.3, WEST
-110.5,43, WIND ,2251,-999,49.3,5.04,4.11,3.21,4.64,4.49,4.47,4.35,4.13,3.98,3.46,3.37,3.84,4.09,4.15,4.34, WEST
-110.5,43.5, WIND ,2233,-999,51.68,5.33,4.31,3.49,4.58,4.59,4.6,4.44,4.32,4.25,3.84,3.82,4.17,4.33,4.36,4.38, WEST
-110.5,44, WIND ,2214,-999,59.38,6.34,4.95,3.9,5.58,5.56,5.37,4.94,4.71,4.6,4.13,4.14,4.58,5,5.32,5.44, WEST
-110.5,44.5, WIND ,2195,-999,60.71,6.52,5.06,3.89,5.74,5.75,5.46,5.07,4.9,4.63,4.06,4.12,4.56,5.16,5.58,5.7, WEST
-110.5,45, WIND ,2176,-999,59.23,6.42,4.94,3.72,5.66,5.65,5.35,5,4.7,4.37,3.89,3.97,4.38,5.1,5.55,5.61, WEST
-110.5,46, WIND ,2137,-999,41.32,4.54,3.44,2.48,4.01,3.96,3.66,3.64,3.32,2.9,2.65,2.65,2.92,3.59,4.04,3.99, WEST
-110.5,46.5, WIND ,2118,-999,54.63,6.11,4.55,3.27,5.32,5.21,4.86,4.77,4.34,3.87,3.47,3.51,3.89,4.75,5.32,5.3, WEST
-110,33, WIND ,2585,-999,40.36,4.14,3.36,2.7,3.02,3.28,3.59,3.86,3.83,3.78,3.68,3.09,3.08,3.03,3.12,3, WEST
-110,33.5, WIND ,2570,-999,46.16,4.72,3.85,3.08,3.66,3.9,4.2,4.46,4.32,4.11,3.83,3.27,3.48,3.56,3.72,3.65, WEST
-110,37.5, WIND ,2444,-999,32.91,3.94,2.74,1.71,1.8,2.27,3.08,3.6,3.68,3.6,2.85,2.49,2.74,2.55,2.29,1.96, WEST
-110,40.5, WIND ,2341,-999,26.45,3.2,2.2,1.26,1.49,1.65,2.44,2.96,2.92,3,2.39,2.11,2.36,2.07,1.67,1.4, WEST
-110,43, WIND ,2251,-999,71.93,7.94,5.99,4.4,7.14,6.81,6.59,6.11,5.61,5.47,4.72,4.67,5.32,5.98,6.62,6.9, WEST
-110,43.5, WIND ,2233,-999,53.99,5.59,4.5,3.64,4.88,4.84,4.81,4.63,4.46,4.39,3.99,3.93,4.31,4.5,4.59,4.66, WEST
-110,44, WIND ,2214,-999,53.59,5.5,4.47,3.59,4.78,4.83,4.82,4.61,4.44,4.27,3.84,3.82,4.23,4.6,4.7,4.64, WEST
-110,44.5, WIND ,2195,-999,51.83,5.41,4.32,3.39,4.77,4.82,4.67,4.38,4.21,4,3.58,3.59,3.95,4.45,4.71,4.68, WEST
-110,45, WIND ,2176,-999,55.75,5.97,4.65,3.53,5.22,5.23,5,4.7,4.49,4.2,3.71,3.76,4.17,4.87,5.24,5.16, WEST
-109.5,31.5, WIND ,2628,-999,34.56,3.82,2.88,2.17,2.58,2.9,3.31,3.55,3.62,3.25,2.82,2.39,2.46,2.57,2.59,2.52, WEST
-109.5,33, WIND ,2585,-999,35.05,3.96,2.92,2.12,2.39,2.8,3.33,3.74,3.75,3.46,3.05,2.64,2.65,2.53,2.45,2.27, WEST
-109.5,33.5, WIND ,2570,-999,45.51,5.02,3.79,2.86,3.46,3.86,4.37,4.78,4.65,4.15,3.42,2.98,3.37,3.52,3.56,3.38, WEST
-109.5,42.5, WIND ,2269,-999,38.21,3.9,3.18,2.53,3.2,3.15,3.34,3.64,3.53,3.5,3,2.75,3.07,3.19,2.98,2.87, WEST
-109.5,43.5, WIND ,2233,-999,48.33,5.08,4.03,3.15,4.36,4.36,4.37,4.26,4.04,3.91,3.5,3.4,3.83,4.08,4.13,4.11, WEST
-109.5,45.5, WIND ,2157,-999,37.26,4.23,3.1,2.14,3.85,3.69,3.32,3.2,2.9,2.48,2.31,2.3,2.52,3.18,3.72,3.79, WEST
-109.5,46.5, WIND ,2118,-999,52.59,6.16,4.38,3.12,5.52,5.15,4.52,4.37,4.06,3.67,3.35,3.32,3.64,4.45,5.19,5.36, WEST
-109,33.5, WIND ,2570,-999,51.08,5.88,4.26,2.81,4.24,4.65,5.21,5.57,5.25,4.31,3.23,2.88,3.51,3.9,4.18,4.15, WEST
-109,39.5, WIND ,2376,-999,39.34,4.25,3.28,2.44,3,3.17,3.82,4.03,3.75,3.56,2.78,2.6,3.13,3.15,3.15,3.18, WEST
-109,45, WIND ,2176,-999,34.96,3.48,2.91,2.33,2.92,2.96,3.18,3.1,2.99,2.66,2.48,2.41,2.78,3.11,3.2,3.17, WEST
-108.5,33, WIND ,2585,-999,49.24,5.53,4.1,2.98,4.03,4.44,4.96,5.26,4.94,4.17,3.32,3.1,3.48,3.71,3.93,3.88, WEST
-108.5,35, WIND ,2524,-999,39.91,4.67,3.33,2.33,2.95,3.44,4.1,4.46,4.12,3.69,2.87,2.53,2.91,2.95,3.01,2.88, WEST
-108.5,37.5, WIND ,2444,-999,42.3,4.68,3.52,2.58,3.44,3.73,4.23,4.38,4.1,3.61,2.88,2.76,3.17,3.31,3.34,3.34, WEST
-108.5,38, WIND ,2427,-999,42.6,4.8,3.55,2.36,3.47,3.74,4.3,4.46,4.15,3.86,2.72,2.5,3.2,3.37,3.43,3.41, WEST
-108.5,39.5, WIND ,2376,-999,41.38,4.45,3.45,2.57,3.24,3.42,4.01,4.22,3.91,3.66,2.89,2.73,3.27,3.32,3.35,3.36, WEST
-108.5,45, WIND ,2176,-999,38.57,3.87,3.21,2.54,3.46,3.45,3.44,3.38,3.23,2.86,2.69,2.63,2.94,3.38,3.56,3.55, WEST
-108.5,46, WIND ,2137,-999,35.49,3.49,2.96,2.47,2.98,2.99,3.04,3.2,3.15,2.93,2.84,2.71,2.76,2.93,3.01,2.96, WEST
-108,33, WIND ,2585,-999,52.59,6.09,4.38,2.93,4.48,4.89,5.44,5.76,5.37,4.35,3.25,3.03,3.56,3.92,4.26,4.28, WEST
-108,38, WIND ,2427,-999,44.34,4.85,3.69,2.52,3.86,4.01,4.31,4.44,4.18,3.89,2.8,2.66,3.33,3.48,3.64,3.75, WEST
-108,38.5, WIND ,2410,-999,28.29,3.01,2.36,1.81,2.16,2.3,2.67,2.84,2.74,2.62,2.03,1.97,2.22,2.19,2.25,2.3, WEST
-108,39, WIND ,2393,-999,35.01,3.73,2.92,2.29,2.64,2.81,3.34,3.56,3.33,3.1,2.53,2.45,2.79,2.79,2.81,2.85, WEST
-108,39.5, WIND ,2376,-999,45.37,4.88,3.78,2.82,3.61,3.8,4.39,4.63,4.26,3.96,3.15,2.97,3.59,3.68,3.69,3.65, WEST
-108,40, WIND ,2359,-999,44.54,4.62,3.71,2.76,3.76,3.77,4.09,4.28,4.02,3.87,3.1,2.92,3.56,3.62,3.75,3.81, WEST
-108,44.5, WIND ,2195,-999,29.92,3.12,2.49,1.93,2,2.17,2.73,2.97,2.91,2.63,2.47,2.33,2.52,2.59,2.39,2.2, WEST
-107.5,37, WIND ,2460,-999,33.51,3.92,2.79,1.95,2.34,2.68,3.32,3.74,3.55,3.25,2.43,2.25,2.6,2.59,2.46,2.3, WEST
-107.5,38, WIND ,2427,-999,57.99,6.37,4.83,3,5.54,5.54,5.59,5.64,5.15,4.85,3.4,3.16,4.27,4.57,4.99,5.28, WEST
-107.5,38.5, WIND ,2410,-999,40.7,4.44,3.39,2.41,3.51,3.68,3.87,4.18,3.79,3.52,2.77,2.52,3.15,3.29,3.24,3.19, WEST
-107.5,39, WIND ,2393,-999,45.23,4.85,3.77,2.8,3.77,3.85,4.23,4.52,4.32,4.02,3.09,2.93,3.56,3.6,3.63,3.71, WEST
-107.5,39.5, WIND ,2376,-999,44.67,4.85,3.72,2.61,3.8,3.96,4.29,4.56,4.18,3.93,2.94,2.74,3.5,3.62,3.58,3.55, WEST
-107.5,40, WIND ,2359,-999,66.29,7.28,5.52,3.62,6.35,6.39,6.4,6.25,5.52,5.25,4.02,3.78,4.93,5.39,5.92,6.09, WEST
-107.5,40.5, WIND ,2341,-999,43.93,4.52,3.66,2.76,3.77,3.83,4.03,4.22,3.84,3.76,3.11,2.89,3.57,3.67,3.65,3.59, WEST
-107.5,41, WIND ,2324,-999,41,4.21,3.42,2.62,3.44,3.35,3.66,3.92,3.67,3.55,3.02,2.79,3.37,3.43,3.39,3.44, WEST
-107.5,44.5, WIND ,2195,-999,31.01,3.29,2.58,2.02,2.64,2.64,2.84,3.07,2.87,2.55,2.36,2.24,2.33,2.54,2.52,2.42, WEST
-107.5,45, WIND ,2176,-999,52.73,6.39,4.39,2.93,5.81,5.37,4.69,4.42,4.04,3.42,3.13,3.13,3.55,4.47,5.19,5.51, WEST
-107,35.5, WIND ,2508,-999,40.94,4.56,3.41,2.49,3.44,3.74,4.12,4.34,4,3.54,2.75,2.59,2.97,3.06,3.16,3.23, WEST
-107,36.5, WIND ,2476,-999,42.52,4.94,3.54,2.39,3.27,3.61,4.23,4.68,4.41,3.93,2.71,2.57,3.31,3.41,3.28,3.12, WEST
-107,37, WIND ,2460,-999,35.6,4.22,2.97,1.98,2.44,2.76,3.41,3.99,3.91,3.59,2.51,2.36,2.9,2.84,2.56,2.34, WEST
-107,37.5, WIND ,2444,-999,52.83,5.77,4.4,2.8,4.67,4.84,5.13,5.34,5.06,4.61,3.16,2.93,4.03,4.24,4.37,4.46, WEST
-107,38, WIND ,2427,-999,55.14,5.91,4.6,2.89,5.24,5.24,5.31,5.39,4.93,4.62,3.27,3.01,4.09,4.37,4.7,4.97, WEST
-107,39, WIND ,2393,-999,47.8,5.19,3.98,2.71,4.21,4.38,4.59,4.81,4.45,4.18,3.04,2.84,3.69,3.78,3.89,3.95, WEST
-107,40, WIND ,2359,-999,48.27,5.13,4.02,2.87,4.32,4.4,4.57,4.7,4.24,4.05,3.16,2.99,3.77,3.92,4.05,4.09, WEST
-107,40.5, WIND ,2341,-999,44.88,4.53,3.74,2.86,3.97,3.98,4.04,4.23,3.88,3.82,3.19,2.96,3.6,3.71,3.74,3.76, WEST
-107,45, WIND ,2176,-999,45.37,4.96,3.78,2.87,4.48,4.21,3.95,3.99,3.81,3.34,3.11,3.03,3.25,3.79,4.12,4.29, WEST
-107,45.5, WIND ,2157,-999,39.94,4.11,3.33,2.71,3.65,3.52,3.44,3.54,3.44,3.12,3,2.88,2.99,3.31,3.49,3.55, WEST
-107,46, WIND ,2137,-999,47.2,4.93,3.93,3.16,4.43,4.19,4.02,4.09,4,3.58,3.47,3.36,3.53,3.92,4.23,4.37, WEST
-106.5,36.5, WIND ,2476,-999,47.71,5.5,3.98,2.59,3.87,4.21,4.75,5.17,4.86,4.3,2.88,2.75,3.62,3.81,3.8,3.68, WEST
-106.5,38, WIND ,2427,-999,43.74,4.72,3.65,2.43,3.99,4.06,4.23,4.46,4.05,3.67,2.69,2.51,3.2,3.48,3.66,3.73, WEST
-106.5,39.5, WIND ,2376,-999,60.45,6.79,5.04,3.13,6.24,6.15,5.75,5.51,4.83,4.59,3.47,3.26,4.29,4.9,5.58,5.87, WEST
-106.5,40, WIND ,2359,-999,58.35,6.81,4.86,2.94,6.31,6.21,5.58,5.29,4.52,4.16,3.22,3.04,4,4.75,5.47,5.8, WEST
-106.5,41, WIND ,2324,-999,66.82,7.07,5.57,4.05,6.58,6.38,6.06,5.82,5.24,5.11,4.4,4.2,5.09,5.57,6.06,6.31, WEST
-106.5,45, WIND ,2176,-999,41.46,4.19,3.46,2.82,3.74,3.63,3.59,3.71,3.63,3.24,3.06,2.95,3.15,3.49,3.61,3.67, WEST
-106.5,45.5, WIND ,2157,-999,46.97,4.82,3.91,3.18,4.3,4.14,4.04,4.15,4.06,3.62,3.47,3.35,3.56,3.94,4.12,4.23, WEST
-106,32.5, WIND ,2599,-999,42.23,4.85,3.52,2.59,3.47,3.89,4.34,4.55,4.36,3.6,3.05,2.83,2.94,2.91,3.1,3.2, WEST
-106,33, WIND ,2585,-999,50.72,6.06,4.23,2.59,4.89,5.2,5.42,5.45,4.94,3.79,2.86,2.7,3.09,3.56,4.25,4.57, WEST
-106,35.5, WIND ,2508,-999,44.43,4.92,3.7,2.58,3.98,4.22,4.5,4.62,4.26,3.69,2.79,2.66,3.05,3.31,3.62,3.74, WEST
-106,38, WIND ,2427,-999,36.5,4.08,3.04,2.1,3.1,3.3,3.62,3.9,3.6,3.24,2.31,2.18,2.69,2.82,2.89,2.86, WEST
-106,38.5, WIND ,2410,-999,43.33,4.65,3.61,2.24,4.2,4.27,4.25,4.23,3.85,3.49,2.46,2.31,3,3.42,3.86,3.98, WEST
-106,40, WIND ,2359,-999,46.77,5.11,3.9,2.55,4.6,4.64,4.47,4.42,3.89,3.67,2.83,2.62,3.39,3.75,4.2,4.3, WEST
-106,40.5, WIND ,2341,-999,47.04,4.87,3.92,2.83,4.57,4.51,4.34,4.22,3.76,3.71,3.11,2.92,3.57,3.83,4.19,4.32, WEST
-106,42, WIND ,2288,-999,50.69,5.45,4.22,2.99,5.06,4.98,4.77,4.56,4.03,3.72,3.26,3.08,3.68,4.22,4.62,4.71, WEST
-106,45, WIND ,2176,-999,42.65,4.25,3.55,2.94,3.83,3.73,3.67,3.79,3.7,3.32,3.16,3.06,3.25,3.59,3.74,3.8, WEST
-105.5,35.5, WIND ,2508,-999,53.98,6.15,4.5,2.78,5.23,5.41,5.58,5.54,4.92,4.14,3.01,2.89,3.52,4.06,4.72,4.96, WEST
-105.5,36, WIND ,2492,-999,57.01,6.54,4.75,2.86,5.67,5.77,5.76,5.67,5.06,4.45,3.08,3.03,3.81,4.32,5.03,5.36, WEST
-105.5,36.5, WIND ,2476,-999,44.09,5.15,3.67,2.37,3.6,3.95,4.45,4.82,4.54,3.96,2.58,2.53,3.27,3.52,3.54,3.34, WEST
-105.5,37, WIND ,2460,-999,60.51,6.99,5.04,2.84,6.03,6.19,6.12,6.04,5.39,4.67,3.05,3.05,4.08,4.74,5.44,5.71, WEST
-105.5,37.5, WIND ,2444,-999,47.16,5.38,3.93,2.35,4.58,4.72,4.77,4.77,4.25,3.73,2.53,2.5,3.18,3.63,4.19,4.32, WEST
-105.5,38, WIND ,2427,-999,42.22,4.71,3.52,2.3,4.07,4.23,4.25,4.21,3.76,3.39,2.47,2.41,2.82,3.1,3.69,3.82, WEST
-105.5,38.5, WIND ,2410,-999,51,5.65,4.25,2.74,5.02,5.18,5.1,4.9,4.38,3.96,2.92,2.87,3.44,3.85,4.62,4.78, WEST
-105.5,39, WIND ,2393,-999,50.63,5.42,4.22,2.87,4.82,5.01,5,4.86,4.38,4,3.03,2.97,3.58,3.91,4.47,4.59, WEST
-105.5,41, WIND ,2324,-999,77.35,9.56,6.45,3.91,8.93,8.52,7.46,6.51,5.37,4.9,4.19,4.09,5.01,6.19,7.73,8.45, WEST
-105,32, WIND ,2614,-999,52.31,5.95,4.36,2.92,4.89,5.09,5.43,5.48,5.1,3.93,3.31,3.03,3.31,3.7,4.38,4.66, WEST
-105,36.5, WIND ,2476,-999,36.45,4.16,3.04,2.2,2.84,3.13,3.54,3.88,3.84,3.44,2.45,2.4,2.75,2.8,2.77,2.61, WEST
-105,44, WIND ,2214,-999,41.43,4.14,3.45,2.86,3.45,3.46,3.69,3.92,3.76,3.42,3.14,3.09,3.31,3.53,3.37,3.3, WEST
-105,44.5, WIND ,2195,-999,50.43,5.34,4.2,3.19,4.9,4.66,4.4,4.36,4.12,3.64,3.41,3.36,3.73,4.36,4.65,4.85, WEST
