-124.5000,42.5000, AOT40 ,2269,2014,42819.4,9395.1,3568.28,0.0,9395.1,8123.4,5259.3,2340.7,887.4,0.0,0.0,0.0,0.0,2745.3,6830.3,7237.9, WEST
-124.5000,43.0000, AOT40 ,2002,2014,44353.8,9702.3,3696.15,0.0,9702.3,8285.3,5426.8,2484.6,1014.4,0.0,0.0,0.0,0.0,2840.4,7177.4,7422.6, WEST
-124.5000,48.0000, AOT40 ,1636,2014,40811.9,8072.6,3400.99,0.0,8072.6,6369.4,4925.8,4106.1,1309.9,0.0,0.0,0.0,0.0,2361.3,6824.6,6842.2, WEST
-124.0000,40.0000, AOT40 ,2359,2014,31060.5,7047.0,2588.37,0.0,7047.0,6791.0,3817.6,1099.5,2.6,0.0,0.0,0.0,478.4,1844.1,4832.6,5147.7, WEST
-124.0000,40.5000, AOT40 ,2341,2014,32906.8,7431.4,2742.23,0.0,7431.4,6977.6,4044.1,1288.9,58.7,0.0,0.0,0.0,319.9,2059.1,5196.3,5530.8, WEST
-124.0000,41.0000, AOT40 ,2324,2014,34851.0,7823.7,2904.25,0.0,7823.7,7176.6,4281.8,1472.3,161.7,0.0,0.0,0.0,174.0,2270.1,5580.6,5910.2, WEST
-124.0000,41.5000, AOT40 ,2306,2014,36930.0,8235.8,3077.50,0.0,8235.8,7378.8,4514.3,1657.4,300.3,0.0,0.0,0.0,64.3,2494.5,5975.2,6309.4, WEST
-124.0000,42.0000, AOT40 ,2288,2014,39076.6,8644.8,3256.38,0.0,8644.8,7573.6,4750.2,1844.3,462.4,0.0,0.0,0.0,1.6,2724.8,6369.7,6705.2, WEST
-124.0000,42.5000, AOT40 ,2269,2014,40629.5,8956.6,3385.79,0.0,8956.6,7729.8,4921.1,2038.9,624.2,0.0,0.0,0.0,0.0,2791.3,6683.8,6883.8, WEST
-124.0000,43.0000, AOT40 ,2251,2014,42199.3,9283.7,3516.61,0.0,9283.7,7897.9,5085.7,2227.0,787.0,0.0,0.0,0.0,0.0,2859.1,6994.3,7064.6, WEST
-124.0000,43.5000, AOT40 ,2233,2014,43299.9,9531.9,3608.33,0.0,9531.9,7977.0,5197.7,2391.9,877.1,0.0,0.0,0.0,0.0,2860.4,7245.5,7218.4, WEST
-124.0000,44.0000, AOT40 ,2214,2014,44412.6,9794.7,3701.05,0.0,9794.7,8057.0,5302.3,2550.1,967.0,0.0,0.0,0.0,0.0,2852.9,7514.7,7373.9, WEST
-124.0000,44.5000, AOT40 ,2195,2014,44266.1,9496.0,3688.84,0.0,9496.0,7852.7,5235.6,2801.5,1065.3,0.0,0.0,0.0,0.0,2740.0,7745.9,7329.1, WEST
-124.0000,45.0000, AOT40 ,2176,2014,44147.5,9207.0,3678.96,0.0,9207.0,7634.5,5167.5,3049.7,1173.0,0.0,0.0,0.0,0.0,2634.7,7997.8,7283.3, WEST
-124.0000,45.5000, AOT40 ,2157,2014,44029.7,8902.8,3669.14,0.0,8902.8,7423.6,5098.2,3309.8,1283.4,0.0,0.0,0.0,0.0,2517.3,8259.3,7235.3, WEST
-124.0000,46.0000, AOT40 ,1971,2014,42513.9,8604.0,3542.83,0.0,8604.0,7003.9,4972.6,3474.4,1261.3,0.0,0.0,0.0,0.0,2345.4,7816.0,7036.3, WEST
-124.0000,46.5000, AOT40 ,2118,2014,40974.9,8304.4,3414.58,0.0,8304.4,6580.6,4836.9,3640.3,1239.2,0.0,0.0,0.0,0.0,2171.5,7365.5,6836.5, WEST
-124.0000,47.0000, AOT40 ,2098,2014,39436.8,8004.7,3286.40,0.0,8004.7,6154.0,4700.2,3799.7,1217.4,0.0,0.0,0.0,0.0,2004.5,6920.8,6635.5, WEST
-124.0000,47.5000, AOT40 ,2078,2014,37855.9,7692.9,3154.66,0.0,7692.9,5724.2,4562.1,3968.1,1195.3,0.0,0.0,0.0,0.0,1824.1,6456.0,6433.2, WEST
-123.5000,39.0000, AOT40 ,2393,2014,27824.9,6323.2,2318.74,0.0,5989.8,6323.2,3557.8,1224.2,149.3,0.0,0.0,0.0,1481.2,1409.4,4066.3,3623.7, WEST
-123.5000,39.5000, AOT40 ,2376,2014,28306.0,6372.9,2358.83,0.0,6215.0,6372.9,3504.2,896.8,0.0,0.0,0.0,0.0,1333.5,1641.3,4279.9,4062.4, WEST
-123.5000,40.0000, AOT40 ,2359,2014,28951.8,6434.4,2412.65,0.0,6434.4,6430.8,3455.4,571.1,0.0,0.0,0.0,0.0,1190.1,1878.6,4488.8,4502.6, WEST
-123.5000,40.5000, AOT40 ,2341,2014,30932.1,6867.2,2577.67,0.0,6867.2,6612.6,3686.4,801.6,0.0,0.0,0.0,0.0,995.3,2094.0,4921.1,4953.9, WEST
-123.5000,41.0000, AOT40 ,2324,2014,32949.8,7297.7,2745.82,0.0,7297.7,6797.1,3928.6,1026.8,0.0,0.0,0.0,0.0,796.4,2323.2,5354.7,5425.3, WEST
-123.5000,41.5000, AOT40 ,2306,2014,35062.2,7749.2,2921.85,0.0,7749.2,6984.4,4165.9,1261.5,62.4,0.0,0.0,0.0,593.7,2548.3,5800.3,5896.5, WEST
-123.5000,42.0000, AOT40 ,2288,2014,37268.8,8210.4,3105.73,0.0,8210.4,7173.8,4415.0,1491.2,189.8,0.0,0.0,0.0,386.4,2788.3,6247.6,6366.3, WEST
-123.5000,42.5000, AOT40 ,2269,2014,38658.0,8530.0,3221.50,0.0,8530.0,7336.1,4574.6,1729.6,361.0,0.0,0.0,0.0,222.3,2837.3,6526.0,6541.1, WEST
-123.5000,43.0000, AOT40 ,2251,2014,40151.4,8865.1,3345.95,0.0,8865.1,7510.5,4744.6,1969.5,559.7,0.0,0.0,0.0,97.1,2887.0,6811.2,6706.7, WEST
-123.5000,43.5000, AOT40 ,2233,2014,41176.0,9122.6,3431.33,0.0,9122.6,7597.3,4854.7,2179.3,679.3,0.0,0.0,0.0,0.0,2860.4,7037.0,6845.4, WEST
-123.5000,44.0000, AOT40 ,2214,2014,42322.3,9394.9,3526.86,0.0,9394.9,7685.0,4965.9,2382.6,806.0,0.0,0.0,0.0,0.0,2833.9,7256.7,6997.3, WEST
-123.5000,44.5000, AOT40 ,2195,2014,41906.1,9033.6,3492.18,0.0,9033.6,7415.5,4870.3,2663.2,954.9,0.0,0.0,0.0,0.0,2643.4,7435.4,6889.8, WEST
-123.5000,45.0000, AOT40 ,2176,2014,41478.8,8669.1,3456.57,0.0,8669.1,7152.1,4772.6,2948.9,1113.8,0.0,0.0,0.0,0.0,2457.5,7596.6,6768.2, WEST
-123.5000,45.5000, AOT40 ,2157,2014,41077.5,8301.2,3423.13,0.0,8301.2,6884.6,4673.3,3239.4,1268.5,0.0,0.0,0.0,0.0,2266.4,7788.8,6655.3, WEST
-123.5000,46.0000, AOT40 ,2137,2014,39367.4,8014.4,3280.62,0.0,8014.4,6409.9,4501.7,3427.2,1276.2,0.0,0.0,0.0,0.0,2041.1,7241.9,6455.0, WEST
-123.5000,46.5000, AOT40 ,2118,2014,37612.3,7714.6,3134.36,0.0,7714.6,5931.1,4328.5,3608.8,1276.5,0.0,0.0,0.0,0.0,1812.4,6698.8,6241.6, WEST
-123.5000,47.0000, AOT40 ,2098,2014,35846.9,7427.1,2987.24,0.0,7427.1,5448.6,4154.2,3791.8,1284.4,0.0,0.0,0.0,0.0,1579.1,6134.6,6027.1, WEST
-123.5000,47.5000, AOT40 ,2078,2014,34070.6,7139.7,2839.22,0.0,7139.7,4962.4,3969.1,3976.1,1284.7,0.0,0.0,0.0,0.0,1341.4,5573.9,5823.3, WEST
-123.5000,48.0000, AOT40 ,1167,2014,33598.0,7013.8,2799.83,0.0,7013.8,4944.9,3746.0,4130.1,1637.8,0.0,0.0,0.0,0.0,1418.2,5151.6,5555.6, WEST
-123.0000,38.5000, AOT40 ,2410,2014,23188.7,5071.6,1932.39,0.0,5071.6,5069.8,2730.5,842.5,127.9,0.0,0.0,0.0,2986.6,736.4,3052.9,2570.5, WEST
-123.0000,39.5000, AOT40 ,2376,2014,29522.5,6182.1,2460.21,0.0,6182.1,5813.2,3416.7,663.6,0.0,0.0,0.0,0.0,2985.0,1938.9,4259.5,4263.5, WEST
-123.0000,40.0000, AOT40 ,2359,2014,32907.1,6768.6,2742.26,0.0,6768.6,6203.3,3769.3,571.1,0.0,0.0,0.0,0.0,2983.8,2568.2,4895.1,5147.7, WEST
-123.0000,40.5000, AOT40 ,2341,2014,34973.6,7273.4,2914.47,0.0,7273.4,6478.2,4052.3,809.0,0.0,0.0,0.0,0.0,2640.7,2757.6,5344.5,5617.9, WEST
-123.0000,41.0000, AOT40 ,2324,2014,37105.0,7789.4,3092.08,0.0,7789.4,6767.9,4331.1,1041.6,21.9,0.0,0.0,0.0,2298.0,2951.2,5806.4,6097.5, WEST
-123.0000,41.5000, AOT40 ,2306,2014,39382.7,8316.9,3281.89,0.0,8316.9,7053.4,4613.9,1283.9,157.2,0.0,0.0,0.0,1941.4,3157.7,6281.1,6577.2, WEST
-123.0000,42.0000, AOT40 ,2288,2014,41781.7,8856.2,3481.81,0.0,8856.2,7353.7,4901.1,1528.8,360.4,0.0,0.0,0.0,1584.5,3360.5,6758.4,7078.1, WEST
-123.0000,42.5000, AOT40 ,2269,2014,43184.0,9181.8,3598.67,0.0,9181.8,7588.4,5022.6,1774.8,624.2,0.0,0.0,0.0,1336.8,3361.6,7044.5,7249.3, WEST
-123.0000,43.0000, AOT40 ,2251,2014,44612.2,9522.9,3717.68,0.0,9522.9,7826.6,5153.9,2022.5,897.1,0.0,0.0,0.0,1089.9,3362.2,7326.1,7411.0, WEST
-123.0000,43.5000, AOT40 ,2233,2014,45425.7,9784.7,3785.48,0.0,9784.7,7987.2,5214.9,2240.0,1096.9,0.0,0.0,0.0,727.0,3283.4,7535.1,7556.5, WEST
-123.0000,44.0000, AOT40 ,2214,2014,46256.1,10061.2,3854.67,0.0,10061.2,8150.0,5276.4,2451.1,1289.0,0.0,0.0,0.0,360.1,3203.8,7761.0,7703.5, WEST
-123.0000,44.5000, AOT40 ,2195,2014,44337.3,9459.5,3694.78,0.0,9459.5,7696.5,4983.3,2717.0,1418.6,0.0,0.0,0.0,122.0,2865.6,7722.0,7352.8, WEST
-123.0000,45.0000, AOT40 ,2176,2014,42466.1,8840.2,3538.84,0.0,8840.2,7236.0,4667.4,2987.7,1550.6,0.0,0.0,0.0,0.0,2506.7,7681.7,6995.8, WEST
-123.0000,45.5000, AOT40 ,2157,2014,40720.0,8227.5,3393.33,0.0,8227.5,6768.4,4363.5,3262.9,1678.1,0.0,0.0,0.0,0.0,2135.9,7652.6,6631.1, WEST
-123.0000,46.0000, AOT40 ,2137,2014,38789.9,7830.2,3232.49,0.0,7830.2,6272.0,4173.0,3529.3,1775.1,0.0,0.0,0.0,0.0,1919.3,7029.8,6261.2, WEST
-123.0000,46.5000, AOT40 ,2118,2014,36856.8,7432.1,3071.40,0.0,7432.1,5792.6,3980.8,3798.1,1864.8,0.0,0.0,0.0,0.0,1689.3,6409.5,5889.6, WEST
-123.0000,47.0000, AOT40 ,2098,2014,34885.7,7033.8,2907.14,0.0,7033.8,5288.3,3787.2,4061.2,1954.7,0.0,0.0,0.0,0.0,1465.0,5779.5,5516.0, WEST
-123.0000,47.5000, AOT40 ,2078,2014,32914.3,6635.7,2742.86,0.0,6635.7,4790.8,3591.8,4334.2,2044.3,0.0,0.0,0.0,0.0,1225.9,5139.2,5152.4, WEST
-123.0000,48.0000, AOT40 ,1189,2014,33632.5,6669.1,2802.71,0.0,6669.1,4944.9,3547.9,4545.8,2375.5,0.0,0.0,0.0,0.0,1513.5,4945.8,5090.0, WEST
-123.0000,48.5000, AOT40 ,1328,2014,34326.4,6690.3,2860.53,0.0,6690.3,5100.8,3503.6,4759.1,2700.1,0.0,0.0,0.0,0.0,1797.0,4737.0,5038.5, WEST
-122.5000,38.0000, AOT40 ,2211,2014,15523.9,4205.0,1293.66,0.0,3507.0,3211.9,1137.3,64.7,1.0,0.0,109.2,1244.4,4205.0,0.0,1313.6,729.8, WEST
-122.5000,41.5000, AOT40 ,2306,2014,44023.3,8873.1,3668.61,0.0,8873.1,7132.3,5061.9,1313.8,273.4,0.0,0.0,281.6,3289.0,3767.2,6761.9,7269.1, WEST
-122.5000,42.0000, AOT40 ,2288,2014,46447.4,9502.0,3870.62,0.0,9502.0,7533.6,5395.6,1558.8,549.9,0.0,0.0,131.4,2775.1,3941.7,7269.3,7790.0, WEST
-122.5000,42.5000, AOT40 ,2269,2014,47790.9,9833.6,3982.57,0.0,9833.6,7840.8,5470.6,1812.6,894.7,0.0,0.0,74.1,2460.2,3895.1,7551.7,7957.5, WEST
-122.5000,43.0000, AOT40 ,2251,2014,49151.0,10180.7,4095.92,0.0,10180.7,8152.8,5554.7,2075.5,1234.5,0.0,0.0,41.5,2129.1,3837.3,7829.6,8115.3, WEST
-122.5000,43.5000, AOT40 ,2233,2014,49918.2,10446.8,4159.85,0.0,10446.8,8387.5,5575.1,2293.2,1507.2,0.0,0.0,0.3,1689.3,3706.4,8044.8,8267.6, WEST
-122.5000,44.0000, AOT40 ,2214,2014,50744.9,10727.5,4228.74,0.0,10727.5,8625.2,5595.5,2519.6,1772.0,0.0,0.0,0.0,1244.5,3573.8,8277.1,8409.7, WEST
-122.5000,44.5000, AOT40 ,2195,2014,47513.1,9873.3,3959.43,0.0,9873.3,7977.6,5087.7,2770.8,1874.9,0.0,0.0,0.0,1012.0,3068.5,8032.4,7815.9, WEST
-122.5000,45.0000, AOT40 ,2176,2014,44228.7,9023.6,3685.73,0.0,9023.6,7319.9,4570.8,3026.4,1979.9,0.0,0.0,0.0,774.0,2555.9,7766.8,7211.4, WEST
-122.5000,45.5000, AOT40 ,2157,2014,40864.5,8153.9,3405.38,0.0,8153.9,6652.2,4044.8,3278.5,2087.7,0.0,0.0,0.0,523.0,2025.5,7504.0,6594.9, WEST
-122.5000,46.0000, AOT40 ,2137,2014,38498.7,7658.2,3208.23,0.0,7658.2,6144.7,3835.3,3631.4,2274.1,0.0,0.0,0.0,259.9,1797.6,6830.1,6067.4, WEST
-122.5000,46.5000, AOT40 ,2118,2014,36167.6,7149.5,3013.97,0.0,7149.5,5643.6,3632.9,3987.4,2453.1,0.0,5.8,0.0,48.5,1576.5,6132.8,5537.5, WEST
-122.5000,47.0000, AOT40 ,2098,2014,34070.6,6652.8,2839.22,0.0,6652.8,5138.7,3420.2,4338.5,2632.4,0.0,107.7,0.0,0.0,1350.9,5424.5,5004.9, WEST
-122.5000,47.5000, AOT40 ,2078,2014,32143.3,6143.9,2678.61,0.0,6143.9,4629.8,3205.4,4692.4,2811.4,0.0,340.4,0.0,0.0,1121.0,4717.4,4481.6, WEST
-122.5000,48.0000, AOT40 ,2058,2014,33768.4,6324.4,2814.03,0.0,6324.4,4944.9,3349.8,4961.6,3105.8,0.0,132.2,0.0,0.0,1598.3,4727.0,4624.4, WEST
-122.5000,48.5000, AOT40 ,2038,2014,35545.7,6493.0,2962.14,0.0,6493.0,5274.5,3494.5,5224.9,3401.0,0.0,18.2,0.0,0.0,2096.7,4762.9,4780.0, WEST
-122.0000,36.5000, AOT40 ,2201,2014,13427.1,4307.2,1118.92,0.0,2835.2,3235.7,664.8,962.0,432.2,0.0,0.0,990.0,4307.2,0.0,0.0,0.0, WEST
-122.0000,40.0000, AOT40 ,2359,2014,43278.5,7436.8,3606.54,0.0,7436.8,5738.8,4413.3,571.1,0.0,0.0,0.0,2445.0,6578.2,3938.8,5707.8,6448.7, WEST
-122.0000,40.5000, AOT40 ,2341,2014,45259.7,8085.9,3771.64,0.0,8085.9,6209.3,4775.9,823.8,1.5,0.0,0.0,2193.9,5945.9,4076.1,6212.4,6935.0, WEST
-122.0000,41.0000, AOT40 ,2324,2014,47443.1,8761.3,3953.59,0.0,8761.3,6699.8,5136.0,1078.8,141.4,0.0,0.0,1937.3,5301.1,4225.0,6720.4,7442.0, WEST
-122.0000,42.5000, AOT40 ,2269,2014,53549.4,10485.4,4462.45,0.0,10485.4,8093.1,5918.7,1857.8,1158.0,0.0,0.0,1327.8,3576.0,4419.4,8059.0,8654.2, WEST
-122.0000,43.0000, AOT40 ,2251,2014,54887.7,10838.5,4573.98,0.0,10838.5,8479.0,5963.9,2121.0,1571.9,0.0,0.0,1240.1,3175.8,4321.8,8344.5,8831.2, WEST
-122.0000,43.5000, AOT40 ,2233,2014,55394.5,11108.8,4616.21,0.0,11108.8,8787.8,5935.2,2353.9,1910.2,0.0,0.0,996.0,2651.5,4129.5,8554.5,8967.1, WEST
-122.0000,44.0000, AOT40 ,2214,2014,55946.4,11393.9,4662.20,0.0,11393.9,9090.2,5906.0,2588.1,2254.9,0.0,0.0,750.8,2121.2,3943.8,8781.5,9116.0, WEST
-122.0000,44.5000, AOT40 ,2195,2014,51614.3,10299.2,4301.19,0.0,10299.2,8258.6,5192.1,2824.5,2338.6,0.0,0.0,873.6,1927.2,3290.7,8330.9,8278.9, WEST
-122.0000,45.0000, AOT40 ,2176,2014,47342.7,9194.7,3945.22,0.0,9194.7,7403.8,4474.3,3065.2,2416.7,0.0,162.8,1003.7,1737.3,2605.1,7864.1,7415.0, WEST
-122.0000,45.5000, AOT40 ,2157,2014,43561.7,8080.2,3630.14,0.0,8080.2,6535.9,3726.2,3302.0,2504.7,0.0,924.5,1142.4,1536.4,1895.0,7367.8,6546.6, WEST
-122.0000,46.0000, AOT40 ,2137,2014,41068.6,7474.0,3422.38,0.0,7474.0,6017.4,3506.6,3733.5,2765.6,0.0,1203.7,997.0,1193.1,1686.0,6618.0,5873.7, WEST
-122.0000,46.5000, AOT40 ,2118,2014,38548.3,6866.9,3212.36,0.0,6866.9,5505.1,3285.2,4176.7,3041.4,0.0,1479.9,851.3,836.7,1463.6,5856.0,5185.5, WEST
-122.0000,47.0000, AOT40 ,2098,2014,35962.5,6259.5,2996.88,0.0,6259.5,4989.0,3053.2,4615.8,3302.7,0.0,1761.9,697.3,483.2,1236.7,5069.4,4493.8, WEST
-122.0000,47.5000, AOT40 ,2078,2014,33424.6,5664.5,2785.38,0.0,5664.5,4458.2,2828.1,5058.5,3571.1,0.0,2057.4,550.6,137.2,1005.6,4282.7,3810.7, WEST
-122.0000,48.0000, AOT40 ,2058,2014,35315.4,5979.6,2942.95,0.0,5979.6,4955.7,3151.7,5369.3,3843.5,0.0,1554.2,87.8,0.0,1693.7,4521.1,4158.8, WEST
-122.0000,48.5000, AOT40 ,2038,2014,37761.7,6308.0,3146.81,0.0,6308.0,5448.1,3485.5,5682.6,4109.4,0.0,1046.6,0.0,0.0,2396.4,4775.9,4509.2, WEST
-121.5000,36.0000, AOT40 ,2492,2014,20090.9,4945.0,1674.24,0.0,3614.6,3555.2,1344.1,1666.5,1157.5,630.2,390.1,2255.9,4945.0,0.0,531.8,0.0, WEST
-121.5000,39.0000, AOT40 ,2393,2014,32946.9,5785.3,2745.58,0.0,5742.5,4156.1,2724.5,188.9,0.0,0.0,1465.5,3555.9,5785.3,1904.3,3685.6,3738.3, WEST
-121.5000,39.5000, AOT40 ,2376,2014,39086.7,6860.6,3257.23,0.0,6860.6,5094.8,3774.7,517.8,0.0,0.0,638.4,3179.5,5921.0,3001.7,4892.8,5205.4, WEST
-121.5000,40.0000, AOT40 ,2359,2014,45619.3,8004.9,3801.61,0.0,8004.9,6061.1,4839.9,864.7,0.0,0.0,0.6,2793.3,6065.7,4137.0,6145.4,6706.7, WEST
-121.5000,40.5000, AOT40 ,2341,2014,47532.1,8582.5,3961.01,0.0,8582.5,6507.0,5149.9,1104.3,82.3,0.0,0.0,2538.8,5529.2,4259.4,6593.4,7185.3, WEST
-121.5000,41.0000, AOT40 ,2324,2014,49654.8,9184.4,4137.90,0.0,9184.4,6952.8,5464.5,1338.7,326.4,0.0,0.0,2285.6,4982.0,4393.1,7053.8,7673.5, WEST
-121.5000,42.5000, AOT40 ,2269,2014,55465.5,10734.3,4622.12,0.0,10734.3,8254.6,6155.4,2076.6,1362.7,0.0,0.0,1673.5,3516.1,4548.1,8284.4,8859.8, WEST
-121.5000,43.0000, AOT40 ,2251,2014,56789.7,11065.8,4732.48,0.0,11065.8,8621.7,6211.2,2333.1,1747.9,0.0,0.0,1597.9,3168.2,4443.0,8561.9,9039.0, WEST
-121.5000,43.5000, AOT40 ,2233,2014,57324.2,11325.5,4777.02,0.0,11325.5,8910.9,6201.0,2558.9,2064.0,0.0,0.0,1355.5,2705.0,4251.7,8763.1,9188.6, WEST
-121.5000,46.0000, AOT40 ,2137,2014,44384.8,7867.1,3698.73,0.0,7867.1,6335.6,3959.7,3835.6,2951.8,0.0,1357.2,1152.9,1471.4,2101.9,7029.8,6321.8, WEST
-121.5000,46.5000, AOT40 ,2118,2014,42475.6,7358.3,3539.63,0.0,7358.3,5877.8,3802.4,4318.7,3272.3,0.0,1610.1,992.6,1159.2,1956.0,6384.3,5743.9, WEST
-121.5000,47.0000, AOT40 ,2098,2014,40536.7,6849.4,3378.06,0.0,6849.4,5427.2,3644.0,4806.0,3593.1,0.0,1868.5,831.8,842.4,1807.3,5716.1,5150.9, WEST
-121.5000,47.5000, AOT40 ,2078,2014,38609.7,6340.6,3217.47,0.0,6340.6,4973.2,3483.9,5289.3,3921.1,0.0,2131.7,678.2,521.0,1666.7,5037.0,4567.0, WEST
-121.5000,48.5000, AOT40 ,2038,2014,40910.4,6764.2,3409.20,0.0,6764.2,5741.2,3882.7,5795.1,4348.0,0.0,1180.0,0.0,0.0,2867.3,5281.1,5050.8, WEST
-121.0000,35.5000, AOT40 ,2508,2014,28318.6,5902.8,2359.88,0.0,3962.6,3816.3,1902.9,2303.7,1914.0,1920.2,1923.2,3441.7,5902.8,391.0,840.2,0.0, WEST
-121.0000,36.0000, AOT40 ,2492,2014,28017.6,6010.9,2334.80,0.0,3770.2,3580.3,1681.1,2134.4,1626.2,1939.4,2366.8,3956.3,6010.9,312.5,639.5,0.0, WEST
-121.0000,38.0000, AOT40 ,2427,2014,29882.1,5609.1,2490.17,0.0,4785.0,3007.2,1521.3,46.4,0.0,142.4,3835.5,5108.9,5609.1,1027.5,2634.6,2164.2, WEST
-121.0000,38.5000, AOT40 ,2410,2014,34194.2,5684.6,2849.52,0.0,5684.6,3822.3,2427.5,253.4,0.0,0.0,3061.3,4635.5,5596.1,1820.4,3573.8,3319.3, WEST
-121.0000,39.0000, AOT40 ,2393,2014,38838.8,6624.3,3236.57,0.0,6624.3,4651.9,3353.4,551.3,0.9,0.0,2253.4,4150.1,5575.3,2642.3,4537.1,4498.8, WEST
-121.0000,39.5000, AOT40 ,2376,2014,43633.9,7582.9,3636.16,0.0,7582.9,5505.3,4299.7,853.1,10.4,0.0,1424.2,3659.0,5561.1,3477.8,5536.4,5724.0, WEST
-121.0000,40.0000, AOT40 ,2359,2014,48563.1,8572.9,4046.92,0.0,8572.9,6383.4,5266.5,1158.3,28.6,0.0,566.8,3148.5,5546.1,4343.9,6572.6,6975.5, WEST
-121.0000,42.0000, AOT40 ,2288,2014,56040.3,10676.3,4670.03,0.0,10676.3,8083.2,6326.0,2054.7,1205.9,0.0,0.0,2080.0,3729.1,4786.3,8246.6,8852.2, WEST
-121.0000,42.5000, AOT40 ,2269,2014,57392.8,10995.0,4782.73,0.0,10995.0,8416.1,6400.5,2295.4,1567.4,0.0,9.6,2019.3,3448.7,4676.9,8509.9,9054.0, WEST
-121.0000,47.0000, AOT40 ,2098,2014,45120.6,7427.1,3760.05,0.0,7427.1,5865.5,4243.7,4996.1,3891.0,0.0,1975.0,974.1,1201.5,2388.3,6350.2,5808.1, WEST
-121.0000,47.5000, AOT40 ,2078,2014,43787.8,7016.8,3648.98,0.0,7016.8,5477.4,4148.8,5520.1,4263.7,0.0,2206.0,805.7,917.6,2317.3,5791.2,5323.2, WEST
-120.5000,34.5000, AOT40 ,2539,2014,34844.1,7072.5,2903.67,0.0,3769.7,4141.1,2409.7,2879.1,2875.0,3077.2,3232.1,4008.8,7072.5,660.6,718.3,0.0, WEST
-120.5000,35.0000, AOT40 ,2524,2014,35888.7,7184.2,2990.73,0.0,3873.3,4020.8,2329.6,2860.2,2702.1,3214.1,3487.8,4559.7,7184.2,867.4,789.5,0.0, WEST
-120.5000,37.5000, AOT40 ,2444,2014,37824.5,6141.6,3152.04,480.6,5252.0,3572.7,2182.4,1101.6,480.6,1553.5,4677.9,6031.2,6141.6,1884.5,2785.4,2161.1, WEST
-120.5000,38.0000, AOT40 ,2427,2014,38909.5,5948.7,3242.46,14.8,5948.7,3657.0,2343.1,401.2,14.8,706.3,4633.2,5944.5,5698.6,2276.8,3878.5,3406.8, WEST
-120.5000,38.5000, AOT40 ,2410,2014,41613.8,6709.8,3467.82,34.1,6709.8,4391.8,3157.9,662.9,34.1,145.9,3851.0,5355.1,5533.7,2821.7,4625.3,4324.6, WEST
-120.5000,39.0000, AOT40 ,2393,2014,44813.8,7495.3,3734.48,0.0,7495.3,5138.6,3982.3,920.3,67.0,0.0,3048.0,4751.0,5372.4,3380.4,5388.7,5269.8, WEST
-120.5000,39.5000, AOT40 ,2376,2014,48257.9,8305.1,4021.49,0.0,8305.1,5906.5,4832.7,1188.3,105.9,0.0,2210.1,4131.7,5201.1,3954.0,6179.9,6242.6, WEST
-120.5000,44.0000, AOT40 ,2214,2014,61906.1,11987.5,5158.84,0.0,11987.5,9400.2,6751.1,3174.2,2613.5,0.0,194.6,1834.3,2451.8,4285.3,9391.4,9822.2, WEST
-120.5000,47.5000, AOT40 ,2078,2014,48976.3,7692.9,4081.36,0.0,7692.9,5981.7,4813.6,5758.9,4606.2,0.0,2280.3,925.3,1314.2,2978.4,6545.4,6079.4, WEST
-120.5000,48.0000, AOT40 ,2058,2014,48116.8,7691.0,4009.73,0.0,7691.0,6164.4,4745.6,5888.9,4715.4,0.0,1861.2,291.5,837.0,3389.2,6425.6,6107.0, WEST
-120.5000,48.5000, AOT40 ,2038,2014,47618.2,7689.0,3968.18,0.0,7689.0,6338.2,4677.0,6027.9,4832.6,0.0,1438.6,0.0,354.2,3809.2,6317.5,6134.0, WEST
-120.0000,37.0000, AOT40 ,2460,2014,46319.7,7555.0,3859.98,1504.9,5208.7,3721.4,2555.1,2279.1,1504.9,3469.3,6308.3,7555.0,7216.5,2517.5,2336.0,1647.9, WEST
-120.0000,37.5000, AOT40 ,2444,2014,47127.2,7173.5,3927.27,769.9,6139.1,4010.6,2856.9,1569.5,769.9,2392.7,5873.4,7173.5,6505.1,3010.8,3710.8,3114.9, WEST
-120.0000,38.0000, AOT40 ,2427,2014,48132.9,7102.0,4011.07,107.4,7102.0,4306.7,3164.9,850.6,107.4,1314.5,5430.9,6780.1,5788.0,3526.2,5122.4,4639.2, WEST
-120.0000,38.5000, AOT40 ,2410,2014,49599.2,7724.5,4133.27,151.2,7724.5,4961.3,3880.5,1072.4,151.2,779.6,4647.2,6074.7,5478.1,3823.0,5676.8,5329.9, WEST
-120.0000,48.5000, AOT40 ,2038,2014,51085.8,8157.5,4257.15,0.0,8157.5,6631.3,5074.2,6140.4,5071.2,0.0,1572.1,0.1,636.8,4290.9,6835.7,6675.6, WEST
-119.5000,36.0000, AOT40 ,2492,2014,44587.2,7869.4,3715.60,0.0,3498.0,3303.6,2076.7,2804.8,2549.1,5161.5,7105.7,7737.1,7869.4,1788.0,693.3,0.0, WEST
-119.5000,36.5000, AOT40 ,2476,2014,48842.5,8143.3,4070.21,784.2,4171.6,3464.6,2355.1,2937.0,2463.1,5237.2,7694.8,8143.3,7820.6,2467.0,1304.0,784.2, WEST
-119.5000,37.0000, AOT40 ,2460,2014,49165.6,7626.0,4097.13,1787.8,5178.7,3824.8,2712.1,2384.8,1787.8,4076.5,6969.1,7626.0,7079.8,2850.4,2548.8,2126.8, WEST
-119.5000,37.5000, AOT40 ,2444,2014,49633.6,7102.1,4136.13,1117.1,6220.6,4194.4,3076.7,1824.8,1117.1,2920.8,6231.5,7102.1,6326.8,3244.1,3852.5,3522.2, WEST
-119.5000,43.5000, AOT40 ,2233,2014,62723.3,11710.7,5226.94,0.0,11710.7,8972.5,6767.0,3098.0,2488.9,0.0,1072.9,2463.3,2873.0,4430.3,9156.9,9689.8, WEST
-119.5000,44.0000, AOT40 ,2214,2014,63011.9,11902.7,5250.99,0.0,11902.7,9162.5,6802.9,3280.7,2686.7,0.0,885.3,2247.0,2590.2,4228.4,9356.2,9869.3, WEST
-119.5000,44.5000, AOT40 ,2195,2014,60206.8,11029.4,5017.23,0.0,11029.4,8602.1,6331.7,3377.4,2772.8,0.0,1143.6,2108.8,2529.6,3928.4,9094.9,9288.1, WEST
-119.0000,35.5000, AOT40 ,2508,2014,38802.8,7877.8,3233.57,0.0,1827.4,2455.7,1146.8,2178.3,2378.3,5626.4,7111.2,7877.8,7493.4,707.5,0.0,0.0, WEST
-119.0000,36.0000, AOT40 ,2492,2014,44475.9,8117.1,3706.33,0.5,2924.4,2968.1,1791.0,2539.4,2534.4,5772.4,7891.3,8117.1,7609.7,1795.8,531.8,0.5, WEST
-119.0000,36.5000, AOT40 ,2476,2014,52058.5,8667.1,4338.21,1341.9,4034.1,3498.5,2451.1,2902.0,2688.7,5923.3,8667.1,8355.0,7725.3,2904.6,1566.9,1341.9, WEST
-119.0000,37.0000, AOT40 ,2460,2014,52029.9,7690.5,4335.82,2078.1,5148.7,3936.8,2861.7,2490.5,2078.1,4683.7,7636.2,7690.5,6943.2,3183.4,2761.6,2615.5, WEST
-119.0000,44.0000, AOT40 ,2214,2014,61676.0,11599.9,5139.67,0.0,11599.9,8831.9,6561.4,3197.0,2635.5,0.0,1084.4,2298.6,2621.0,4067.1,9098.2,9681.0, WEST
-119.0000,44.5000, AOT40 ,2195,2014,59293.7,10822.5,4941.14,0.0,10822.5,8362.7,6201.2,3331.3,2721.3,0.0,1275.8,2153.7,2506.1,3822.1,8903.9,9193.1, WEST
-119.0000,45.0000, AOT40 ,2176,2014,56882.8,10025.9,4740.23,0.0,10025.9,7896.7,5834.4,3468.1,2801.7,0.0,1468.8,2007.9,2398.1,3569.9,8702.8,8708.5, WEST
-119.0000,48.0000, AOT40 ,2058,2014,52830.4,8331.2,4402.53,0.0,8331.2,6412.6,5331.0,6000.9,4804.8,0.0,2035.4,725.1,1296.0,3993.2,6837.4,7062.8, WEST
-119.0000,48.5000, AOT40 ,2038,2014,51398.2,8293.1,4283.18,0.0,8293.1,6587.9,5191.5,6060.1,4937.0,0.0,1513.7,50.0,679.6,4333.7,6719.1,7032.5, WEST
-118.5000,36.0000, AOT40 ,2492,2014,44459.9,8676.9,3704.99,79.8,2350.8,2641.0,1512.6,2274.1,2519.8,6390.6,8676.9,8497.1,7343.3,1803.6,370.3,79.8, WEST
-118.5000,44.5000, AOT40 ,2195,2014,58373.4,10603.4,4864.45,0.0,10603.4,8123.3,6070.7,3285.3,2662.4,0.0,1408.0,2191.1,2490.5,3715.8,8712.9,9110.0, WEST
-118.5000,45.0000, AOT40 ,2176,2014,56427.3,9903.7,4702.28,0.0,9903.7,7749.9,5808.1,3468.1,2742.4,0.0,1539.9,2038.3,2342.4,3520.7,8581.3,8732.5, WEST
-118.5000,48.0000, AOT40 ,2058,2014,52995.6,8368.1,4416.30,0.0,8368.1,6337.0,5358.0,5968.9,4700.5,0.0,2068.6,901.7,1347.0,4014.4,6721.6,7209.8, WEST
-118.5000,48.5000, AOT40 ,2038,2014,51604.5,8354.8,4300.38,0.0,8354.8,6566.2,5254.7,6019.9,4877.4,0.0,1488.7,123.3,705.3,4355.1,6654.3,7204.8, WEST
-118.0000,45.0000, AOT40 ,2176,2014,55937.0,9781.5,4661.42,0.0,9781.5,7603.1,5790.5,3452.6,2683.2,0.0,1603.0,2068.7,2278.7,3471.5,8459.7,8744.5, WEST
-118.0000,45.5000, AOT40 ,2157,2014,54367.5,9148.4,4530.62,0.0,9148.4,7307.3,5629.4,3677.3,2757.9,0.0,1670.8,1908.1,2079.5,3350.3,8370.8,8467.7, WEST
-118.0000,46.0000, AOT40 ,2137,2014,54416.6,8960.2,4534.72,0.0,8960.2,6982.6,5585.7,4220.4,3167.7,0.0,1930.9,1908.6,2077.2,3431.0,7953.3,8199.0, WEST
-118.0000,48.0000, AOT40 ,2058,2014,53170.4,8405.1,4430.87,0.0,8405.1,6250.7,5385.0,5928.9,4603.6,0.0,2101.8,1078.3,1406.5,4035.6,6605.8,7369.1, WEST
-118.0000,48.5000, AOT40 ,2038,2014,51819.3,8428.8,4318.27,0.0,8428.8,6533.6,5317.9,5979.8,4810.3,0.0,1463.6,219.7,722.4,4376.5,6589.5,7377.2, WEST
-117.5000,45.0000, AOT40 ,2176,2014,56313.2,9720.3,4692.77,0.0,9720.3,7498.2,5869.5,3731.5,3031.1,0.0,1603.0,1969.8,2358.3,3619.2,8155.8,8756.5, WEST
-117.5000,45.5000, AOT40 ,2157,2014,55430.9,9234.3,4619.24,0.0,9234.3,7317.9,5824.1,4036.9,3197.2,0.0,1566.5,1707.0,2103.9,3571.1,8259.3,8612.7, WEST
-117.5000,47.5000, AOT40 ,2078,2014,55649.0,8615.0,4637.42,0.0,8615.0,6228.5,5676.1,5957.8,4516.9,0.0,2767.4,1674.8,1938.7,3880.8,6801.1,7591.9, WEST
-117.5000,48.0000, AOT40 ,2058,2014,54139.2,8589.7,4511.60,0.0,8589.7,6488.1,5583.1,5952.9,4678.1,0.0,2234.6,869.6,1245.0,4173.4,6747.3,7577.4, WEST
-117.5000,48.5000, AOT40 ,2038,2014,52641.3,8564.4,4386.78,0.0,8564.4,6761.6,5480.4,5939.6,4840.1,0.0,1688.8,108.3,542.6,4472.8,6693.2,7549.5, WEST
-117.0000,34.0000, AOT40 ,2555,2014,34682.2,8502.4,2890.18,0.0,0.0,661.4,326.7,1986.3,3265.9,7785.6,6044.8,8502.4,6109.1,0.0,0.0,0.0, WEST
-117.0000,45.0000, AOT40 ,2176,2014,56715.6,9671.4,4726.30,0.0,9671.4,7403.8,5957.2,4010.5,3379.1,0.0,1595.1,1870.9,2437.9,3757.0,7876.2,8756.5, WEST
-117.0000,47.0000, AOT40 ,2098,2014,56703.6,8963.3,4725.30,0.0,8963.3,6688.4,5926.6,5622.1,4390.0,0.0,2450.3,1432.9,1886.3,3996.4,7275.9,8071.4, WEST
-117.0000,47.5000, AOT40 ,2078,2014,56783.5,8836.2,4731.96,0.0,8836.2,6475.2,5900.7,6037.4,4643.5,0.0,2792.1,1419.6,1803.6,4059.2,6980.1,7835.9, WEST
-117.0000,48.0000, AOT40 ,2058,2014,55075.9,8774.4,4589.66,0.0,8774.4,6725.5,5772.3,5968.9,4752.6,0.0,2359.0,668.9,1092.0,4300.6,6876.0,7785.7, WEST
-117.0000,48.5000, AOT40 ,2038,2014,53509.4,8724.7,4459.12,0.0,8724.7,6978.7,5642.8,5891.4,4869.9,0.0,1922.4,31.8,371.4,4558.4,6783.8,7734.1, WEST
-116.5000,44.5000, AOT40 ,2195,2014,56680.4,9836.8,4723.37,0.0,9836.8,7301.0,5879.3,3830.5,3376.3,0.0,1820.2,2228.6,2873.8,3773.8,7125.0,8635.1, WEST
-116.5000,45.0000, AOT40 ,2176,2014,57118.3,9622.5,4759.86,0.0,9622.5,7319.9,6045.0,4289.4,3727.0,0.0,1587.2,1772.0,2509.6,3904.7,7584.5,8756.5, WEST
-116.5000,45.5000, AOT40 ,2157,2014,57505.9,9394.0,4792.16,0.0,9394.0,7328.5,6204.7,4756.3,4083.4,0.0,1357.9,1297.1,2136.3,4032.8,8036.4,8878.5, WEST
-116.5000,46.5000, AOT40 ,2118,2014,57704.9,9225.8,4808.74,0.0,9225.8,7027.8,6165.6,5431.0,4426.6,0.0,2073.9,1228.1,1903.2,4130.9,7604.5,8487.5, WEST
-116.5000,47.0000, AOT40 ,2098,2014,57803.4,9147.6,4816.95,0.0,9147.6,6880.8,6141.4,5772.6,4598.5,0.0,2442.1,1195.6,1786.1,4183.1,7377.3,8278.3, WEST
-116.5000,47.5000, AOT40 ,2078,2014,57939.1,9069.8,4828.26,0.0,9069.8,6722.0,6125.4,6117.0,4770.1,0.0,2825.2,1164.5,1668.6,4237.6,7159.1,8079.8, WEST
-116.5000,48.0000, AOT40 ,2058,2014,56056.5,8971.4,4671.38,0.0,8971.4,6962.9,5970.4,5984.9,4834.6,0.0,2491.8,460.1,930.5,4438.3,7017.6,7994.0, WEST
-116.5000,48.5000, AOT40 ,2038,2014,54382.9,8860.3,4531.91,0.0,8860.3,7195.8,5805.3,5851.3,4892.3,0.0,2156.0,4.5,192.4,4644.1,6874.5,7906.4, WEST
-116.0000,43.5000, AOT40 ,2233,2014,55539.8,9676.4,4628.32,158.6,9676.4,6981.5,5540.8,3310.6,2994.5,158.6,2418.8,2962.2,3545.0,3678.2,6075.5,8197.7, WEST
-116.0000,44.0000, AOT40 ,2214,2014,55494.9,9734.1,4624.57,70.7,9734.1,6982.5,5604.1,3493.8,3198.9,70.7,2241.1,2777.7,3420.8,3630.7,6072.0,8268.5, WEST
-116.0000,44.5000, AOT40 ,2195,2014,56439.8,9654.2,4703.32,0.0,9654.2,7103.2,5861.9,4030.1,3633.9,0.0,1913.5,2228.6,3006.8,3831.8,6659.4,8516.4, WEST
-116.0000,45.0000, AOT40 ,2176,2014,57483.4,9561.4,4790.28,0.0,9561.4,7225.5,6124.0,4568.4,4074.9,0.0,1587.2,1673.2,2589.2,4042.5,7280.6,8756.5, WEST
-116.0000,45.5000, AOT40 ,2157,2014,58579.1,9479.9,4881.59,0.0,9479.9,7339.0,6399.5,5123.8,4522.8,0.0,1253.5,1096.0,2152.5,4263.6,7925.0,9023.5, WEST
-116.0000,46.0000, AOT40 ,2137,2014,58690.4,9439.2,4890.87,0.0,9439.2,7247.8,6385.3,5382.8,4612.4,0.0,1640.0,1043.8,2003.5,4303.6,7791.1,8840.9, WEST
-116.0000,46.5000, AOT40 ,2118,2014,58800.3,9385.5,4900.02,0.0,9385.5,7155.5,6370.7,5651.9,4709.6,0.0,2033.2,1000.5,1845.4,4336.1,7642.3,8669.6, WEST
-116.0000,47.0000, AOT40 ,2098,2014,58920.5,9344.2,4910.04,0.0,9344.2,7062.5,6356.2,5923.2,4799.6,0.0,2442.1,950.4,1685.9,4380.2,7478.8,8497.4, WEST
-116.0000,47.5000, AOT40 ,2078,2014,59066.0,9291.1,4922.17,0.0,9291.1,6979.5,6350.0,6188.6,4896.7,0.0,2849.9,909.4,1525.2,4426.5,7325.3,8323.8, WEST
-116.0000,48.0000, AOT40 ,2058,2014,56993.1,9156.1,4749.43,0.0,9156.1,7189.6,6159.5,6000.9,4909.1,0.0,2616.3,259.4,777.5,4576.1,7146.3,8202.3, WEST
-116.0000,48.5000, AOT40 ,2038,2014,55349.5,9020.6,4612.46,0.0,9020.6,7412.8,5967.8,5803.1,4922.1,0.0,2381.2,0.0,55.9,4729.7,6965.2,8091.1, WEST
-115.5000,43.5000, AOT40 ,2233,2014,55948.9,9519.9,4662.41,115.7,9519.9,6878.9,5738.0,3576.4,3192.3,115.7,2464.4,2910.8,3575.6,3866.2,5959.7,8151.0, WEST
-115.5000,44.0000, AOT40 ,2214,2014,56150.0,9673.5,4679.17,8.9,9673.5,6972.1,5862.8,3745.0,3367.2,8.9,2172.2,2659.8,3428.5,3848.9,6048.5,8362.6, WEST
-115.5000,44.5000, AOT40 ,2195,2014,57068.9,9678.6,4755.74,0.0,9678.6,7165.7,6105.5,4237.5,3781.1,0.0,1828.0,2071.4,2944.2,3986.4,6611.6,8658.9, WEST
-115.5000,45.0000, AOT40 ,2176,2014,58015.8,9683.7,4834.65,0.0,9683.7,7351.4,6352.1,4738.8,4200.8,0.0,1476.7,1467.8,2445.9,4131.1,7195.5,8972.0, WEST
-115.5000,45.5000, AOT40 ,2157,2014,59003.2,9700.9,4916.93,0.0,9700.9,7550.4,6594.2,5248.9,4627.0,0.0,1117.1,848.5,1941.7,4283.7,7813.6,9277.2, WEST
-115.5000,46.0000, AOT40 ,2137,2014,58915.6,9623.4,4909.63,0.0,9623.4,7491.8,6571.9,5445.6,4657.1,0.0,1518.8,794.5,1733.4,4293.4,7666.3,9119.4, WEST
-115.5000,46.5000, AOT40 ,2118,2014,58841.9,9557.5,4903.49,0.0,9557.5,7421.7,6540.2,5644.0,4687.3,0.0,1927.5,749.3,1531.2,4305.3,7529.1,8948.8, WEST
-115.5000,47.0000, AOT40 ,2098,2014,58788.8,9491.7,4899.07,0.0,9491.7,7361.8,6508.4,5843.9,4717.7,0.0,2343.8,697.3,1326.8,4318.0,7390.0,8789.4, WEST
-115.5000,47.5000, AOT40 ,2078,2014,58705.0,9426.3,4892.08,0.0,9426.3,7290.6,6484.7,6037.4,4747.8,0.0,2767.4,646.3,1120.1,4332.1,7235.8,8616.5, WEST
-115.5000,48.0000, AOT40 ,2058,2014,56523.9,9230.0,4710.32,0.0,9230.0,7448.6,6249.6,5841.0,4752.6,0.0,2632.8,112.0,386.5,4406.5,7004.7,8459.6, WEST
-115.5000,48.5000, AOT40 ,2038,2014,55080.6,9045.3,4590.05,0.0,9045.3,7608.2,6012.9,5626.4,4758.1,0.0,2498.0,0.0,0.0,4472.8,6770.9,8288.0, WEST
-115.0000,43.5000, AOT40 ,2233,2014,56368.1,9351.4,4697.34,76.8,9351.4,6776.2,5943.8,3849.8,3397.4,76.8,2510.1,2859.4,3598.5,4044.9,5855.4,8104.4, WEST
-115.0000,44.0000, AOT40 ,2214,2014,56908.3,9625.1,4742.36,0.0,9625.1,6951.5,6138.8,3996.2,3535.6,0.0,2103.2,2549.2,3436.2,4067.1,6036.8,8468.6, WEST
-115.0000,44.5000, AOT40 ,2195,2014,57703.6,9715.1,4808.63,0.0,9715.1,7217.7,6349.1,4444.8,3928.3,0.0,1734.7,1914.2,2881.6,4141.0,6563.9,8813.2, WEST
-115.0000,45.0000, AOT40 ,2176,2014,58565.3,9818.1,4880.44,0.0,9818.1,7487.7,6571.5,4909.3,4334.0,0.0,1366.1,1262.4,2310.5,4219.7,7110.4,9175.6, WEST
-115.0000,45.5000, AOT40 ,2157,2014,59407.0,9909.6,4950.58,0.0,9909.6,7761.7,6797.8,5373.9,4738.7,0.0,980.7,593.3,1714.7,4303.8,7689.8,9543.0, WEST
-115.0000,46.0000, AOT40 ,2137,2014,59134.3,9819.9,4927.86,0.0,9819.9,7725.2,6749.6,5500.6,4701.8,0.0,1397.6,545.1,1471.4,4283.3,7553.9,9385.9, WEST
-115.0000,46.5000, AOT40 ,2118,2014,58915.9,9741.8,4909.66,0.0,9741.8,7687.9,6709.6,5636.1,4672.4,0.0,1821.7,490.2,1225.3,4274.5,7428.4,9228.0, WEST
-115.0000,47.0000, AOT40 ,2098,2014,58637.9,9651.5,4886.49,0.0,9651.5,7650.4,6660.5,5764.7,4635.8,0.0,2245.4,436.2,967.6,4255.8,7288.5,9081.5, WEST
-115.0000,47.5000, AOT40 ,2078,2014,58390.4,9561.6,4865.87,0.0,9561.6,7612.5,6619.5,5894.1,4606.2,0.0,2684.8,391.2,715.1,4237.6,7146.3,8921.5, WEST
-115.0000,48.0000, AOT40 ,2058,2014,56169.1,9316.1,4680.76,0.0,9316.1,7707.6,6339.6,5673.1,4596.1,0.0,2649.4,29.1,53.2,4237.0,6863.2,8704.7, WEST
-115.0000,48.5000, AOT40 ,2038,2014,54877.9,9069.9,4573.16,0.0,9069.9,7803.6,6058.1,5457.8,4594.0,0.0,2606.4,0.0,0.0,4226.6,6576.6,8484.9, WEST
-114.5000,44.5000, AOT40 ,2195,2014,58360.7,9751.6,4863.39,0.0,9751.6,7280.2,6601.3,4659.8,4075.5,0.0,1649.1,1756.9,2819.0,4295.6,6504.2,8967.5, WEST
-114.5000,45.0000, AOT40 ,2176,2014,59075.1,9928.1,4922.93,0.0,9928.1,7624.0,6790.8,5079.7,4459.9,0.0,1255.5,1057.0,2167.2,4308.3,7025.3,9379.3, WEST
-114.5000,45.5000, AOT40 ,2157,2014,59826.9,10130.6,4985.58,0.0,10130.6,7973.1,6992.6,5506.9,4843.0,0.0,852.3,338.0,1504.0,4323.8,7565.9,9796.7, WEST
-114.5000,46.0000, AOT40 ,2137,2014,59372.2,10016.4,4947.68,0.0,10016.4,7958.5,6936.2,5563.4,4746.5,0.0,1276.4,288.1,1209.5,4283.3,7441.6,9652.3, WEST
-114.5000,46.5000, AOT40 ,2118,2014,58914.8,9913.8,4909.57,0.0,9913.8,7943.4,6870.1,5620.3,4650.0,0.0,1715.9,234.2,911.1,4233.5,7315.2,9507.3, WEST
-114.5000,48.5000, AOT40 ,2038,2014,54673.0,9094.6,4556.08,0.0,9094.6,7999.0,6103.2,5289.1,4430.0,0.0,2723.2,0.0,0.0,3969.8,6382.2,8681.9, WEST
-114.0000,44.0000, AOT40 ,2214,2014,59061.9,9576.6,4921.82,0.0,9576.6,7044.4,6466.5,4460.4,3820.9,0.0,2202.8,2637.7,3651.5,4437.1,6142.4,8621.6, WEST
-114.0000,45.5000, AOT40 ,2157,2014,60184.8,10216.6,5015.40,0.0,10216.6,8163.3,7072.2,5460.0,4589.8,0.0,972.7,461.8,1560.7,4414.1,7380.2,9893.4, WEST
-114.0000,46.0000, AOT40 ,2137,2014,59107.3,10053.3,4925.61,0.0,10053.3,8117.6,6962.8,5445.6,4448.6,0.0,1300.6,389.3,1225.8,4283.3,7179.6,9700.8, WEST
-114.0000,46.5000, AOT40 ,2118,2014,58047.8,9889.2,4837.32,0.0,9889.2,8081.9,6852.3,5431.0,4300.0,0.0,1642.7,309.7,894.6,4151.4,6975.6,9519.4, WEST
-114.0000,47.0000, AOT40 ,2098,2014,56946.1,9725.2,4745.51,0.0,9725.2,8035.1,6741.1,5416.1,4151.7,0.0,1983.2,233.2,550.0,4017.1,6768.6,9324.8, WEST
-114.0000,47.5000, AOT40 ,2078,2014,55866.7,9561.6,4655.56,0.0,9561.6,7998.7,6628.5,5392.7,4003.0,0.0,2329.9,175.5,209.6,3880.8,6545.4,9141.0, WEST
-114.0000,48.0000, AOT40 ,2058,2014,53763.4,9205.3,4480.28,0.0,9205.3,7945.0,6276.6,5185.4,3992.6,0.0,2383.9,10.5,0.0,3717.7,6206.9,8839.5, WEST
-114.0000,48.5000, AOT40 ,2038,2014,51995.2,8835.7,4332.93,0.0,8835.7,7890.4,5913.6,4975.9,3990.1,0.0,2439.6,0.0,0.0,3552.3,5851.1,8546.5, WEST
-113.5000,44.5000, AOT40 ,2195,2014,60501.5,9824.6,5041.79,0.0,9824.6,7540.4,6731.8,4913.2,4068.1,0.0,1952.4,2108.8,3131.9,4556.4,6575.8,9098.1, WEST
-113.5000,45.0000, AOT40 ,2176,2014,60522.1,10062.6,5043.51,0.0,10062.6,7938.6,6940.0,5165.0,4200.8,0.0,1532.0,1353.6,2390.2,4524.9,6879.4,9535.0, WEST
-113.5000,45.5000, AOT40 ,2157,2014,60533.9,10302.5,5044.49,0.0,10302.5,8342.9,7151.9,5420.9,4336.6,0.0,1101.1,585.5,1625.6,4494.4,7194.5,9978.0, WEST
-113.5000,46.0000, AOT40 ,2137,2014,58843.5,10090.1,4903.63,0.0,10090.1,8276.7,6989.5,5327.8,4143.3,0.0,1332.9,482.8,1250.4,4283.3,6917.5,9749.2, WEST
-113.5000,47.0000, AOT40 ,2098,2014,55419.9,9651.5,4618.33,0.0,9651.5,8142.0,6678.4,5146.7,3742.1,0.0,1802.9,285.9,491.6,3840.8,6337.5,9300.5, WEST
-113.5000,47.5000, AOT40 ,2078,2014,53692.3,9426.3,4474.36,0.0,9426.3,8073.8,6511.7,5050.5,3548.7,0.0,2049.2,193.9,117.8,3618.5,6034.1,9067.8, WEST
-113.5000,48.0000, AOT40 ,2058,2014,51373.2,9008.3,4281.10,0.0,9008.3,7923.4,6114.5,4865.6,3545.4,0.0,2101.8,27.2,0.0,3378.6,5679.2,8729.2, WEST
-113.0000,34.5000, AOT40 ,2539,2014,46721.3,7184.2,3893.44,900.3,1988.0,2216.1,3115.8,4193.9,5342.0,6494.5,4020.6,7184.2,3768.1,4191.0,3306.8,900.3, WEST
-113.0000,37.5000, AOT40 ,2444,2014,50321.8,5440.6,4193.48,3154.6,4099.8,3450.2,4198.3,4058.1,4343.2,4577.4,4735.4,5440.6,3878.4,4410.6,3975.2,3154.6, WEST
-113.0000,44.5000, AOT40 ,2195,2014,61607.1,9861.1,5133.93,20.1,9861.1,7675.7,6792.7,5043.8,4068.1,20.1,2107.9,2288.5,3288.4,4691.7,6599.7,9169.4, WEST
-113.0000,45.5000, AOT40 ,2157,2014,60895.5,10400.8,5074.63,0.0,10400.8,8533.1,7222.7,5373.9,4083.4,0.0,1221.5,709.3,1682.3,4584.8,7021.2,10062.5, WEST
-113.0000,46.0000, AOT40 ,2137,2014,58580.2,10127.0,4881.68,0.0,10127.0,8435.9,7025.0,5210.0,3837.9,0.0,1357.2,584.1,1266.8,4283.3,6655.4,9797.6, WEST
-113.0000,47.0000, AOT40 ,2098,2014,53863.8,9577.8,4488.65,0.0,9577.8,8238.2,6606.8,4877.3,3339.9,0.0,1630.8,333.4,424.8,3664.4,5906.4,9264.0, WEST
-113.0000,47.5000, AOT40 ,2078,2014,51536.7,9291.1,4294.72,0.0,9291.1,8138.2,6394.9,4708.3,3094.4,0.0,1776.8,220.1,51.5,3356.1,5522.8,8982.5, WEST
-112.5000,34.0000, AOT40 ,2555,2014,45154.4,7417.2,3762.87,661.8,2057.3,2228.2,3092.4,4131.3,5030.3,5637.2,4101.8,7417.2,3622.4,3964.4,3210.1,661.8, WEST
-112.5000,34.5000, AOT40 ,2539,2014,46420.1,7242.9,3868.34,1020.9,2222.4,2224.1,3080.2,4035.6,5134.6,6007.3,4091.7,7242.9,3754.4,4221.3,3384.7,1020.9, WEST
-112.5000,38.5000, AOT40 ,2410,2014,48897.1,5104.2,4074.76,3052.6,4289.5,3578.2,4230.2,4111.4,3847.8,3870.1,4849.5,5104.2,3840.2,4402.2,3721.2,3052.6, WEST
-112.5000,44.5000, AOT40 ,2195,2014,62800.5,9909.8,5233.38,120.3,9909.8,7811.0,6862.3,5166.6,4060.8,120.3,2263.4,2468.1,3444.8,4817.3,6635.5,9240.6, WEST
-112.5000,45.5000, AOT40 ,2157,2014,61250.7,10486.7,5104.22,0.0,10486.7,8712.8,7302.4,5327.0,3830.2,0.0,1349.8,833.0,1739.1,4675.1,6835.4,10159.2, WEST
-112.5000,46.0000, AOT40 ,2137,2014,58316.1,10163.8,4859.68,0.0,10163.8,8595.0,7051.7,5092.2,3532.6,0.0,1381.4,685.4,1291.3,4283.3,6393.3,9846.1, WEST
-112.5000,46.5000, AOT40 ,2118,2014,55332.0,9827.8,4611.00,0.0,9827.8,8465.2,6789.9,4855.1,3235.1,0.0,1423.0,537.3,828.5,3894.9,5931.5,9543.7, WEST
-112.0000,33.5000, AOT40 ,2570,2014,43994.5,7602.4,3666.21,677.9,2336.1,2352.4,3058.6,4046.2,4645.8,4993.6,4389.9,7602.4,3263.2,3449.2,3179.2,677.9, WEST
-112.0000,34.0000, AOT40 ,2555,2014,45117.5,7344.9,3759.79,1017.9,2480.9,2355.4,3057.2,3974.7,4720.2,5334.5,4396.2,7344.9,3395.7,3701.8,3338.1,1017.9, WEST
-112.0000,34.5000, AOT40 ,2539,2014,46241.6,7099.5,3853.47,1364.0,2635.1,2353.6,3051.6,3891.0,4786.4,5667.8,4395.5,7099.5,3535.0,3956.2,3505.9,1364.0, WEST
-112.0000,35.0000, AOT40 ,2524,2014,47874.6,6897.1,3989.55,1676.8,2893.2,2617.3,3368.6,4075.1,4882.4,5611.5,4349.2,6897.1,3757.7,4082.3,3663.4,1676.8, WEST
-112.0000,40.0000, AOT40 ,2359,2014,49381.3,5731.6,4115.11,2814.5,4307.1,3520.7,4083.3,4365.8,3837.0,3840.7,5731.6,5518.6,4272.1,4007.7,3082.2,2814.5, WEST
-112.0000,40.5000, AOT40 ,2341,2014,51360.3,5433.2,4280.03,3433.0,4914.9,4009.9,4483.2,4404.5,3904.1,3433.0,5433.2,5222.1,4429.8,4137.2,3460.5,3527.9, WEST
-112.0000,41.0000, AOT40 ,2324,2014,53353.9,5536.8,4446.16,3021.0,5536.8,4510.2,4889.6,4442.8,3964.2,3021.0,5113.4,4919.0,4590.2,4260.4,3849.2,4257.1, WEST
-112.0000,41.5000, AOT40 ,2306,2014,55427.2,6173.3,4618.93,2612.1,6173.3,5022.0,5294.2,4488.4,4031.8,2612.1,4785.4,4608.0,4753.9,4394.5,4248.6,5015.0, WEST
-112.0000,45.0000, AOT40 ,2176,2014,61483.7,10148.1,5123.64,0.0,10148.1,8284.8,6992.7,5250.2,3815.8,0.0,1816.3,1688.4,2621.0,4672.6,6539.1,9654.7, WEST
-111.5000,33.5000, AOT40 ,2570,2014,44109.8,7609.1,3675.82,1046.4,2761.1,2477.5,3016.9,3877.8,4381.0,4713.0,4681.3,7609.1,3042.9,3189.1,3313.7,1046.4, WEST
-111.5000,34.0000, AOT40 ,2555,2014,45073.7,7272.6,3756.14,1374.0,2904.5,2482.7,3022.1,3818.1,4410.2,5024.4,4684.0,7272.6,3175.9,3439.2,3466.0,1374.0, WEST
-111.5000,34.5000, AOT40 ,2539,2014,46010.6,6949.5,3834.22,1707.2,3038.3,2483.0,3016.0,3746.5,4430.8,5328.3,4692.8,6949.5,3308.8,3691.0,3618.4,1707.2, WEST
-111.5000,39.0000, AOT40 ,2393,2014,50991.3,5345.2,4249.27,3404.9,4849.9,3862.2,4422.6,4429.7,3719.2,3797.2,5113.7,5345.2,4098.6,4202.4,3745.7,3404.9, WEST
-111.5000,39.5000, AOT40 ,2376,2014,50967.7,5482.2,4247.31,3258.1,4726.7,3788.7,4347.4,4467.8,3778.1,3826.3,5434.1,5482.2,4234.2,4141.0,3483.1,3258.1, WEST
-111.5000,40.0000, AOT40 ,2359,2014,50931.2,5752.1,4244.27,3115.5,4585.5,3710.3,4268.4,4512.6,3844.2,3855.4,5752.1,5621.1,4371.7,4076.7,3217.7,3115.5, WEST
-111.5000,40.5000, AOT40 ,2341,2014,53046.0,5467.9,4420.50,3499.7,5197.0,4211.6,4662.1,4559.5,3933.1,3499.7,5467.9,5325.5,4552.0,4207.1,3608.7,3821.8, WEST
-111.5000,42.5000, AOT40 ,2269,2014,61262.6,7807.1,5105.22,1956.3,7807.1,6276.4,6104.7,4852.9,4199.7,1956.3,4173.3,4144.5,4968.9,4722.9,5263.5,6792.4, WEST
-111.5000,43.0000, AOT40 ,2251,2014,62799.5,8506.2,5233.29,1508.7,8506.2,6766.3,6313.5,4991.9,4190.5,1508.7,3788.3,3876.6,4814.1,4815.6,5689.8,7538.0, WEST
-111.5000,44.0000, AOT40 ,2214,2014,63532.9,9806.8,5294.41,312.5,9806.8,7633.4,6604.5,5206.3,4003.9,312.5,2432.6,2969.3,4259.0,4835.5,6459.1,9010.0, WEST
-111.5000,44.5000, AOT40 ,2195,2014,62195.3,9946.3,5182.94,61.2,9946.3,7977.6,6757.9,5228.1,3847.3,61.2,2131.2,2355.8,3460.5,4720.7,6396.8,9311.9, WEST
-111.5000,45.0000, AOT40 ,2176,2014,60998.9,10087.0,5083.24,0.0,10087.0,8316.2,6904.9,5250.2,3690.0,0.0,1832.1,1726.4,2637.0,4603.7,6344.6,9606.8, WEST
-111.5000,46.5000, AOT40 ,2118,2014,52992.6,9422.4,4416.05,0.0,9422.4,8209.6,6379.6,4657.9,2922.3,0.0,1577.6,914.1,878.1,3587.2,5252.2,9191.6, WEST
-111.0000,31.5000, AOT40 ,2628,2014,34712.6,6854.5,2892.72,856.2,2907.7,2330.1,2765.2,3603.6,3120.9,2829.0,3510.4,6854.5,1814.5,1446.5,2674.0,856.2, WEST
-111.0000,33.0000, AOT40 ,2585,2014,43465.8,8032.6,3622.15,1114.2,3070.1,2590.6,2959.9,3759.3,4131.6,4157.8,4959.9,8032.6,2696.3,2683.2,3310.3,1114.2, WEST
-111.0000,33.5000, AOT40 ,2570,2014,44229.5,7609.1,3685.79,1414.9,3195.1,2602.7,2975.2,3709.5,4116.2,4432.4,4966.0,7609.1,2822.7,2929.1,3456.6,1414.9, WEST
-111.0000,34.0000, AOT40 ,2555,2014,45013.0,7200.2,3751.08,1730.1,3318.9,2609.9,2979.8,3661.4,4100.1,4714.4,4978.4,7200.2,2949.2,3176.6,3594.0,1730.1, WEST
-111.0000,40.5000, AOT40 ,2341,2014,54758.7,5509.4,4563.22,3558.9,5479.1,4413.3,4849.1,4714.6,3962.1,3558.9,5509.4,5429.0,4674.1,4285.6,3756.9,4126.6, WEST
-111.0000,42.0000, AOT40 ,2288,2014,61853.0,7411.9,5154.42,2590.1,7411.9,6024.6,6082.9,4887.2,4311.0,2590.1,4645.1,4503.3,5304.3,4722.8,5014.8,6355.0, WEST
-111.0000,42.5000, AOT40 ,2269,2014,62866.7,8055.9,5238.89,2093.1,8055.9,6488.3,6239.9,4996.2,4258.2,2093.1,4217.7,4187.7,5111.2,4787.3,5387.5,7043.7, WEST
-111.0000,43.0000, AOT40 ,2251,2014,63864.3,8709.6,5322.02,1577.8,8709.6,6960.0,6398.8,5113.1,4197.8,1577.8,3773.2,3862.0,4912.7,4843.6,5769.9,7745.8, WEST
-111.0000,44.0000, AOT40 ,2214,2014,63415.9,9903.7,5284.66,257.0,9903.7,7767.7,6587.3,5259.6,3916.1,257.0,2294.7,2829.3,4251.3,4797.6,6423.9,9127.7, WEST
-111.0000,44.5000, AOT40 ,2195,2014,61893.8,9970.6,5157.82,40.1,9970.6,8060.9,6705.7,5258.8,3736.9,40.1,2069.0,2295.9,3468.3,4662.7,6289.3,9335.6, WEST
-111.0000,45.0000, AOT40 ,2176,2014,60500.9,10038.1,5041.74,0.0,10038.1,8347.7,6817.2,5250.2,3564.1,0.0,1840.0,1756.8,2652.9,4524.9,6150.1,9558.9, WEST
-111.0000,45.5000, AOT40 ,2157,2014,59091.6,10106.1,4924.30,0.0,10106.1,8649.4,6930.6,5241.0,3383.4,0.0,1606.6,1204.3,1820.1,4384.0,5993.5,9772.6, WEST
-111.0000,46.5000, AOT40 ,2118,2014,51811.6,9225.8,4317.63,0.0,9225.8,8071.2,6174.5,4563.2,2765.9,0.0,1658.9,1102.5,894.6,3433.3,4900.0,9021.7, WEST
-110.5000,32.5000, AOT40 ,2599,2014,43132.1,8627.1,3594.34,1201.6,3397.9,2687.5,2893.7,3607.0,3962.9,3661.5,5224.9,8627.1,2355.8,2176.9,3335.3,1201.6, WEST
-110.5000,33.5000, AOT40 ,2570,2014,44346.9,7615.7,3695.58,1783.4,3629.2,2727.8,2926.6,3541.1,3844.0,4159.1,5257.4,7615.7,2602.4,2669.1,3591.1,1783.4, WEST
-110.5000,34.0000, AOT40 ,2555,2014,44966.7,7127.9,3747.22,2077.1,3742.5,2737.2,2944.7,3504.8,3790.1,4404.3,5272.8,7127.9,2729.3,2914.1,3721.9,2077.1, WEST
-110.5000,40.5000, AOT40 ,2341,2014,56494.1,5772.6,4707.84,3625.6,5772.6,4615.0,5036.1,4877.0,3998.3,3625.6,5550.9,5532.5,4796.3,4364.2,3905.1,4420.5, WEST
-110.5000,43.0000, AOT40 ,2251,2014,64920.4,8912.9,5410.03,1654.6,8912.9,7143.5,6484.1,5234.4,4212.5,1654.6,3758.1,3847.4,5011.3,4880.9,5838.6,7942.1, WEST
-110.5000,43.5000, AOT40 ,2233,2014,64114.8,9447.6,5342.90,926.0,9447.6,7525.4,6526.9,5277.2,4020.2,926.0,2966.3,3270.3,4637.1,4825.1,6110.3,8582.4, WEST
-110.5000,44.0000, AOT40 ,2214,2014,63295.0,10000.6,5274.58,211.2,10000.6,7902.0,6570.0,5320.5,3820.9,211.2,2156.8,2681.9,4251.3,4769.1,6377.0,9233.7, WEST
-110.5000,44.5000, AOT40 ,2195,2014,61586.4,9982.8,5132.20,16.8,9982.8,8144.1,6644.8,5289.5,3626.5,16.8,2006.8,2243.5,3476.1,4614.4,6169.9,9371.2, WEST
-110.5000,45.0000, AOT40 ,2176,2014,60000.5,9989.2,5000.04,0.0,9989.2,8379.1,6729.4,5250.2,3438.3,0.0,1847.9,1787.2,2668.8,4456.0,5943.4,9511.0, WEST
-110.5000,46.0000, AOT40 ,2137,2014,54548.8,9500.6,4545.73,0.0,9500.6,8287.4,6385.3,4840.9,2929.4,0.0,1720.8,1308.7,1381.4,3796.3,5145.4,9252.6, WEST
-110.5000,46.5000, AOT40 ,2118,2014,50631.3,9016.9,4219.27,0.0,9016.9,7943.4,5960.5,4460.7,2609.5,0.0,1740.3,1290.9,919.4,3289.7,4560.4,8839.6, WEST
-110.0000,33.0000, AOT40 ,2585,2014,43407.3,7758.2,3617.27,1751.2,3762.8,2829.0,2898.3,3579.4,3779.8,3744.2,5167.8,7758.2,2482.4,2219.7,3434.5,1751.2, WEST
-110.0000,33.5000, AOT40 ,2570,2014,44323.3,7343.7,3693.61,2053.0,3918.5,2868.6,2954.4,3568.0,3741.1,3981.9,5184.6,7343.7,2602.4,2490.8,3616.3,2053.0, WEST
-110.0000,37.5000, AOT40 ,2444,2014,51492.4,5527.3,4291.03,3287.1,5527.3,4150.6,4448.4,4412.6,3287.1,3723.8,4613.9,5427.6,3851.0,3734.8,4296.3,4019.0, WEST
-110.0000,40.5000, AOT40 ,2341,2014,58358.7,6257.8,4863.22,3647.8,6257.8,4855.1,5190.6,4943.4,3940.4,3647.8,5592.4,5642.9,4911.2,4338.0,4074.4,4964.7, WEST
-110.0000,43.0000, AOT40 ,2251,2014,65304.0,8984.7,5442.00,1746.8,8984.7,7082.4,6347.6,5234.4,4234.5,1746.8,4067.7,4000.7,5163.0,4694.5,5655.5,8092.2, WEST
-110.0000,43.5000, AOT40 ,2233,2014,64578.5,9507.8,5381.54,1003.0,9507.8,7484.4,6424.0,5292.4,4027.5,1003.0,3278.1,3417.0,4789.8,4684.1,5948.1,8722.3, WEST
-110.0000,44.0000, AOT40 ,2214,2014,63855.5,10049.1,5321.29,257.0,10049.1,7891.7,6501.0,5343.3,3820.9,257.0,2478.6,2829.3,4420.5,4664.8,6236.2,9363.1, WEST
-110.0000,44.5000, AOT40 ,2195,2014,61343.3,9909.8,5111.94,44.3,9909.8,8019.2,6453.4,5266.5,3575.0,44.3,2333.4,2423.2,3609.1,4430.8,5931.1,9347.5, WEST
-110.0000,45.0000, AOT40 ,2176,2014,58946.7,9781.5,4912.22,0.0,9781.5,8148.4,6404.8,5188.2,3327.2,0.0,2179.6,2007.9,2772.3,4190.2,5615.2,9331.4, WEST
-109.5000,31.5000, AOT40 ,2628,2014,34693.0,7204.3,2891.08,600.0,3538.3,2571.9,2521.2,3442.1,2754.9,2361.7,3961.7,7204.3,1674.3,600.0,2530.7,1531.9, WEST
-109.5000,33.0000, AOT40 ,2585,2014,43107.8,7403.5,3592.32,2021.1,4020.3,2952.1,2891.4,3579.4,3662.5,3574.3,5094.0,7403.5,2482.4,2021.1,3401.4,2025.4, WEST
-109.5000,33.5000, AOT40 ,2570,2014,44300.4,7071.7,3691.70,2312.5,4198.8,3017.2,2982.2,3595.0,3638.1,3804.6,5111.7,7071.7,2595.5,2312.5,3641.5,2331.6, WEST
-109.5000,42.5000, AOT40 ,2269,2014,65047.6,8482.6,5420.63,2442.8,8482.6,6508.5,6028.6,5139.6,4375.2,2442.8,4868.5,4540.7,5530.6,4410.2,5116.9,7603.4, WEST
-109.5000,43.5000, AOT40 ,2233,2014,65028.7,9580.1,5419.06,1072.3,9580.1,7443.3,6312.5,5307.6,4034.8,1072.3,3589.8,3556.4,4950.2,4533.7,5785.9,8862.1, WEST
-109.5000,45.5000, AOT40 ,2157,2014,54679.2,9308.0,4556.60,0.0,9308.0,7941.4,5903.8,5006.5,2929.2,0.0,2369.0,1838.5,1974.2,3591.2,4854.4,8963.0, WEST
-109.5000,46.5000, AOT40 ,2118,2014,46714.0,8304.4,3892.83,0.0,8304.4,6985.2,5059.8,4247.7,2348.9,0.0,2277.3,1848.2,1026.9,2674.1,3818.2,8123.3, WEST
-109.0000,33.5000, AOT40 ,2570,2014,44284.3,6799.8,3690.36,2141.6,4488.2,3157.9,3009.9,3621.9,3535.1,3627.4,5038.9,6799.8,2595.5,2141.6,3666.8,2601.3, WEST
-109.0000,39.5000, AOT40 ,2376,2014,59795.9,6991.9,4982.99,3344.5,6991.9,5132.1,5325.9,4941.5,3344.5,3789.7,5326.7,5887.4,4700.0,4285.6,4484.2,5586.4, WEST
-109.0000,45.0000, AOT40 ,2176,2014,56852.0,9365.9,4737.67,0.0,9365.9,7697.4,5755.4,5072.0,3120.0,0.0,2843.0,2441.5,2979.3,3658.6,4958.8,8960.1, WEST
-108.5000,33.0000, AOT40 ,2585,2014,42482.0,6700.9,3540.17,1616.5,4526.5,3205.8,2870.8,3579.4,3420.6,3241.8,4946.5,6700.9,2482.4,1616.5,3343.4,2547.4, WEST
-108.5000,35.0000, AOT40 ,2524,2014,47530.3,6118.0,3960.86,2739.6,5091.4,3397.0,3318.1,3832.1,3421.4,3907.5,4897.9,6118.0,3090.3,2739.6,4199.5,3517.5, WEST
-108.5000,37.5000, AOT40 ,2444,2014,51966.6,6230.8,4330.55,2585.5,6230.8,4430.9,4289.3,4157.4,2585.5,3579.1,4575.6,5486.0,3974.4,3565.9,4268.0,4823.7, WEST
-108.5000,38.0000, AOT40 ,2427,2014,56372.0,7309.8,4697.67,2397.0,7309.8,5294.7,5015.8,4445.9,2397.0,3537.2,4266.5,5285.2,4232.5,4065.1,4842.7,5679.6, WEST
-108.5000,39.5000, AOT40 ,2376,2014,61822.6,7539.1,5151.88,3221.6,7539.1,5458.7,5540.6,5007.1,3221.6,3782.3,5293.1,5961.7,4798.8,4311.1,4729.4,6179.1, WEST
-108.5000,45.0000, AOT40 ,2176,2014,55781.5,9158.0,4648.46,0.0,9158.0,7466.7,5430.8,5010.0,3016.3,0.0,3166.8,2654.5,3074.8,3392.7,4630.5,8780.4, WEST
-108.5000,46.0000, AOT40 ,2137,2014,46920.1,8112.7,3910.01,0.0,8112.7,6653.8,4581.7,4424.6,2348.5,0.0,2932.8,2376.1,1618.8,2487.5,3548.0,7835.6, WEST
-108.0000,33.0000, AOT40 ,2585,2014,41526.9,6259.2,3460.58,1645.9,4428.8,3136.6,2809.2,3606.0,3259.4,3108.9,4698.4,6259.2,2868.7,1645.9,3202.6,2503.2, WEST
-108.0000,38.0000, AOT40 ,2427,2014,57083.8,7767.0,4756.98,2180.7,7767.0,5561.7,5215.5,4453.1,2180.7,3269.3,4202.1,5193.8,4129.3,4032.4,5035.6,6043.3, WEST
-108.0000,38.5000, AOT40 ,2410,2014,58736.9,7840.8,4894.74,2491.1,7840.8,5548.9,5356.8,4628.7,2491.1,3339.2,4529.7,5427.7,4339.9,4063.0,4969.2,6201.9, WEST
-108.0000,39.0000, AOT40 ,2393,2014,60388.9,7914.7,5032.41,2802.0,7914.7,5542.7,5491.8,4798.7,2802.0,3410.1,4855.5,5672.4,4546.5,4093.3,4907.8,6353.4, WEST
-108.0000,39.5000, AOT40 ,2376,2014,62035.1,7976.8,5169.59,3113.2,7976.8,5524.0,5636.1,4970.6,3113.2,3481.6,5192.3,5914.4,4763.5,4124.0,4831.5,6507.1, WEST
-108.0000,40.0000, AOT40 ,2359,2014,63693.4,8049.4,5307.78,3424.7,8049.4,5511.3,5773.6,5143.9,3424.7,3553.3,5527.2,6167.5,4983.9,4145.6,4749.3,6663.7, WEST
-108.0000,44.5000, AOT40 ,2195,2014,58020.2,9204.0,4835.02,142.0,9204.0,7092.8,5331.3,5005.4,3096.6,142.0,3663.2,3329.0,4055.0,3300.4,4868.6,8931.9, WEST
-107.5000,37.0000, AOT40 ,2460,2014,50080.3,6199.6,4173.36,2433.6,6199.6,4212.5,3983.5,4019.6,2433.6,3238.0,4427.6,5483.7,3854.4,3278.5,4232.5,4716.8, WEST
-107.5000,38.0000, AOT40 ,2427,2014,57823.4,8234.5,4818.62,1957.1,8234.5,5819.8,5415.2,4467.3,1957.1,3001.4,4137.8,5102.4,4032.9,3999.8,5238.1,6417.1, WEST
-107.5000,38.5000, AOT40 ,2410,2014,59281.2,8295.2,4940.10,2303.5,8295.2,5747.8,5520.0,4621.5,2303.5,3062.9,4451.4,5355.1,4256.7,3980.2,5136.3,6550.6, WEST
-107.5000,39.0000, AOT40 ,2393,2014,60793.1,8366.4,5066.09,2650.4,8366.4,5680.4,5625.4,4784.2,2650.4,3117.9,4769.4,5612.3,4490.6,3950.8,5048.1,6697.2, WEST
-107.5000,39.5000, AOT40 ,2376,2014,62258.9,8414.5,5188.24,3004.8,8414.5,5598.6,5731.5,4941.5,3004.8,3173.4,5091.6,5867.1,4728.3,3928.5,4943.9,6835.2, WEST
-107.5000,40.0000, AOT40 ,2359,2014,63730.6,8472.7,5310.88,3236.5,8472.7,5520.8,5829.9,5099.8,3352.3,3236.5,5411.4,6133.4,4969.6,3895.7,4822.2,6986.3, WEST
-107.5000,40.5000, AOT40 ,2341,2014,64002.6,8548.6,5333.55,3077.5,8548.6,5604.2,5751.6,5105.9,3512.8,3077.5,5495.5,5960.1,5184.3,3770.5,4751.8,7239.8, WEST
-107.5000,41.0000, AOT40 ,2324,2014,64215.3,8612.7,5351.28,2909.4,8612.7,5687.7,5661.6,5111.1,3673.8,2909.4,5570.1,5775.9,5395.4,3632.3,4677.2,7508.1, WEST
-107.5000,44.5000, AOT40 ,2195,2014,55361.7,8705.0,4613.48,136.6,8705.0,6509.9,4800.7,4790.4,2772.8,136.6,4020.9,3710.8,4086.3,2730.3,4510.4,8587.6, WEST
-107.5000,45.0000, AOT40 ,2176,2014,49303.4,7850.1,4108.62,66.9,7850.1,5862.1,4018.0,4560.6,2557.4,66.9,4051.4,3582.5,3210.2,2122.7,3731.0,7690.5, WEST
-107.0000,35.5000, AOT40 ,2508,2014,46018.2,5465.7,3834.85,2791.0,5299.6,3393.2,3255.2,3863.4,2791.0,3114.1,4129.4,5465.7,3969.3,2891.9,3983.6,3861.8, WEST
-107.0000,36.5000, AOT40 ,2476,2014,47794.8,5743.9,3982.90,2528.6,5743.9,3769.8,3491.8,3889.5,2528.6,3207.6,4266.6,5570.7,3919.1,3099.9,4032.7,4274.6, WEST
-107.0000,37.0000, AOT40 ,2460,2014,51249.3,6700.0,4270.77,2259.5,6700.0,4514.1,4185.5,4083.0,2259.5,3050.0,4205.3,5386.9,3922.7,3381.6,4482.3,5078.4, WEST
-107.0000,37.5000, AOT40 ,2444,2014,54835.1,7678.7,4569.59,1999.6,7678.7,5289.0,4895.6,4277.9,1999.6,2891.8,4140.8,5200.4,3926.4,3670.4,4947.9,5916.6, WEST
-107.0000,38.0000, AOT40 ,2427,2014,58561.0,8712.5,4880.08,1733.6,8712.5,6077.9,5622.5,4481.6,1733.6,2733.5,4079.9,5011.0,3929.7,3967.1,5430.9,6780.8, WEST
-107.0000,39.0000, AOT40 ,2393,2014,61167.9,8807.3,5097.32,2505.9,8807.3,5818.2,5759.1,4762.5,2505.9,2825.8,4683.4,5545.6,4434.6,3816.6,5178.3,7030.6, WEST
-107.0000,40.0000, AOT40 ,2359,2014,63758.0,8907.0,5313.17,2919.6,8907.0,5520.8,5886.3,5048.4,3280.0,2919.6,5302.4,6099.2,4955.4,3645.7,4895.1,7298.1, WEST
-107.0000,40.5000, AOT40 ,2341,2014,63998.6,8954.9,5333.22,2751.7,8954.9,5613.8,5800.4,5083.7,3389.6,2751.7,5384.8,5953.2,5148.3,3526.0,4825.9,7566.3, WEST
-107.0000,45.0000, AOT40 ,2176,2014,46126.7,7202.3,3843.89,127.8,7202.3,5065.0,3316.0,4335.9,2327.9,127.8,4493.7,4046.6,3273.9,1492.7,3293.4,7151.5, WEST
-107.0000,45.5000, AOT40 ,2157,2014,39397.1,6164.8,3283.09,131.5,6164.8,4190.0,2354.1,4091.7,2199.3,131.5,4607.9,4019.4,2395.7,801.1,2390.4,6051.2, WEST
-107.0000,46.0000, AOT40 ,2137,2014,36572.9,5803.6,3047.74,49.7,5803.6,3789.9,2324.9,3898.4,2028.3,49.7,4306.4,3910.9,1938.0,671.4,2050.4,5801.0, WEST
-106.5000,36.5000, AOT40 ,2476,2014,46842.4,5910.9,3903.53,2528.6,5910.9,3642.6,3403.2,3861.5,2528.6,3012.6,3875.1,5294.8,3932.7,3123.3,4069.0,4188.1, WEST
-106.5000,38.0000, AOT40 ,2427,2014,55172.2,8307.3,4597.68,1769.7,8307.3,5259.1,5092.6,4289.0,1769.7,2567.0,4067.1,5069.8,3943.4,3705.8,4987.4,6114.0, WEST
-106.5000,39.5000, AOT40 ,2376,2014,57538.4,8348.9,4794.87,2744.6,8348.9,4786.9,5119.0,4606.2,2744.6,2770.0,4964.0,5772.6,4488.3,3061.2,4433.1,6443.6, WEST
-106.5000,40.0000, AOT40 ,2359,2014,58298.4,8361.3,4858.20,2826.8,8361.3,4620.3,5129.6,4710.8,3070.2,2838.6,5268.3,6017.3,4670.7,2826.8,4228.3,6556.2, WEST
-106.5000,41.0000, AOT40 ,2324,2014,59269.2,8429.7,4939.10,2485.0,8429.7,4957.9,5012.8,4858.6,3245.3,2485.0,5380.4,5761.9,5047.2,2641.6,4161.1,7287.7, WEST
-106.5000,45.0000, AOT40 ,2176,2014,44147.1,6792.2,3678.92,237.0,6652.2,4656.0,3052.8,4250.7,2313.1,237.0,4485.8,4267.2,3194.2,1256.4,2989.5,6792.2, WEST
-106.5000,45.5000, AOT40 ,2157,2014,38125.5,5710.5,3177.12,263.2,5710.5,3873.0,2221.3,4036.9,2221.7,263.2,4551.7,4243.7,2379.5,730.9,2192.3,5700.8, WEST
-106.0000,32.5000, AOT40 ,2599,2014,33262.1,4575.7,2771.84,1297.4,3275.8,2687.5,2197.5,3534.5,2947.8,2597.4,3317.1,4575.7,3627.6,1353.8,1850.0,1297.4, WEST
-106.0000,33.0000, AOT40 ,2585,2014,35111.9,4572.7,2925.99,1668.0,3638.4,2736.7,2315.9,3599.4,2973.5,2613.9,3323.9,4572.7,3737.8,1668.0,2233.6,1698.1, WEST
-106.0000,35.5000, AOT40 ,2508,2014,43731.1,5463.1,3644.26,2806.5,5463.1,3227.2,3015.2,3856.4,2850.0,2806.5,3322.0,4793.2,4079.0,2953.7,3806.0,3558.8, WEST
-106.0000,38.0000, AOT40 ,2427,2014,51804.1,7912.4,4317.01,1798.5,7912.4,4422.4,4562.7,4103.5,1798.5,2407.7,4054.2,5122.0,3957.2,3452.7,4553.4,5457.4, WEST
-106.0000,38.5000, AOT40 ,2410,2014,52106.9,7893.6,4342.24,2065.4,7893.6,4265.2,4517.7,4168.9,2065.4,2495.7,4347.0,5322.1,4062.3,3103.1,4320.6,5545.3, WEST
-106.0000,40.0000, AOT40 ,2359,2014,52823.3,7815.5,4401.94,1999.3,7815.5,3710.3,4365.0,4373.2,2867.7,2750.2,5241.0,5928.5,4386.0,1999.3,3561.5,5825.1, WEST
-106.0000,40.5000, AOT40 ,2341,2014,53581.6,7837.7,4465.13,1945.6,7837.7,3961.9,4336.9,4485.7,2933.0,2573.9,5274.1,5829.1,4566.3,1945.6,3566.4,6271.0, WEST
-106.0000,42.0000, AOT40 ,2288,2014,55846.1,7905.1,4653.84,1762.1,7905.1,4725.5,4264.1,4827.1,3122.9,2018.3,5355.1,5498.2,5119.5,1762.1,3559.9,7688.3, WEST
-106.0000,45.0000, AOT40 ,2176,2014,42201.2,6432.9,3516.77,359.6,6102.2,4247.0,2789.6,4173.2,2298.3,359.6,4485.8,4480.2,3114.6,1020.1,2697.7,6432.9, WEST
-105.5000,35.5000, AOT40 ,2508,2014,42575.7,5540.0,3547.98,2652.7,5540.0,3144.3,2898.9,3856.4,2886.8,2652.7,2915.1,4456.9,4133.8,2984.6,3708.3,3397.9, WEST
-105.5000,36.0000, AOT40 ,2492,2014,43748.4,5899.2,3645.70,2637.7,5899.2,3270.0,3065.6,3824.4,2702.9,2637.7,3006.7,4593.9,4043.1,3077.2,3923.2,3704.5, WEST
-105.5000,36.5000, AOT40 ,2476,2014,44902.5,6254.8,3741.88,2528.6,6254.8,3388.3,3233.5,3791.5,2528.6,2615.4,3092.2,4730.2,3959.9,3170.2,4132.5,4005.4, WEST
-105.5000,37.0000, AOT40 ,2460,2014,46060.1,6660.0,3838.34,2295.8,6660.0,3454.3,3497.4,3829.3,2295.8,2493.4,3411.1,4883.6,3963.7,3183.4,4130.7,4257.4, WEST
-105.5000,37.5000, AOT40 ,2444,2014,47247.0,7087.3,3937.25,2064.7,7087.3,3529.0,3766.3,3873.8,2064.7,2371.0,3725.2,5031.7,3967.6,3187.8,4116.9,4525.7, WEST
-105.5000,38.0000, AOT40 ,2427,2014,48455.0,7517.6,4037.92,1834.5,7517.6,3594.7,4040.4,3918.1,1834.5,2241.2,4047.8,5180.8,3977.8,3191.4,4109.9,4800.8, WEST
-105.5000,38.5000, AOT40 ,2410,2014,48245.2,7460.3,4020.43,2043.7,7460.3,3415.5,3934.9,3946.2,2043.7,2350.3,4333.9,5341.9,4006.8,2714.1,3829.3,4868.3, WEST
-105.5000,39.0000, AOT40 ,2393,2014,47964.4,7398.6,3997.03,2214.6,7398.6,3219.4,3825.1,3973.8,2245.9,2453.3,4623.8,5505.5,4042.7,2214.6,3525.3,4936.4, WEST
-105.5000,41.0000, AOT40 ,2324,2014,49400.9,7297.7,4116.74,1129.0,7297.7,3469.0,3624.7,4338.8,2744.3,2298.9,5232.9,5678.3,4445.2,1129.0,2967.4,6174.7, WEST
-105.0000,32.0000, AOT40 ,2614,2014,27216.6,4020.6,2268.05,235.1,2273.4,2311.2,1712.1,3300.2,2829.4,2490.6,2474.6,4020.6,3644.8,925.0,999.6,235.1, WEST
-105.0000,36.5000, AOT40 ,2476,2014,43943.4,6431.7,3661.95,2420.4,6431.7,3261.1,3144.9,3756.5,2528.6,2420.4,2700.8,4454.4,3973.5,3193.6,4168.7,3909.2, WEST
-105.0000,44.0000, AOT40 ,2214,2014,45654.5,7680.0,3804.54,387.3,6269.1,4368.4,3085.9,4209.3,2247.6,387.3,4692.3,4893.0,4166.7,585.6,3069.3,7680.0, WEST
-105.0000,44.5000, AOT40 ,2195,2014,42003.2,6699.8,3500.27,508.6,5638.4,3907.5,2678.2,4106.9,2257.6,508.6,4580.8,4901.1,3570.0,566.1,2588.2,6699.8, WEST
