-124.5,42.5, LULCCHRT ,-111,1,1,3000,756,9,9,9,0,0,0,0,0,0,0,2000,0,0,0,0,0,0,WEST
-124.5,42.5, LULCCHRT ,-111,2,2,3000,756,13,13,13,0,0,0,0,0,0,0,2000,0,0,0,0,0,0,WEST
-124.5,42.5, LULCCHRT ,-111,3,3,3000,756,15,15,15,0,0,0,0,0,0,0,2000,0,0,0,0,0,0,WEST
-124.5,43, LULCCHRT ,-111,1,1,3000,667,9,9,9,0,0,0,0,0,0,0,2000,0,0,0,0,0,0,WEST
-124.5,43, LULCCHRT ,-111,2,2,3000,667,13,13,13,0,0,0,0,0,0,0,2000,0,0,0,0,0,0,WEST
-124.5,43, LULCCHRT ,-111,3,3,3000,667,15,15,15,0,0,0,0,0,0,0,2000,0,0,0,0,0,0,WEST
-124.5,48, LULCCHRT ,-111,1,1,3000,545,9,9,9,0,0,0,0,0,0,0,2000,0,0,0,0,0,0,WEST
-124.5,48, LULCCHRT ,-111,2,2,3000,545,13,13,13,0,0,0,0,0,0,0,2000,0,0,0,0,0,0,WEST
-124.5,48, LULCCHRT ,-111,3,3,3000,545,15,15,15,0,0,0,0,0,0,0,2000,0,0,0,0,0,0,WEST
-124,40, LULCCHRT ,-111,1,1,3000,590,8,8,9,0,0,0,0,0,0,0,2000,0,0,0,0,0,0,WEST
-124,40, LULCCHRT ,-111,2,2,3000,590,8,8,10,0,0,0,0,0,0,0,2000,0,0,0,0,0,0,WEST
-124,40, LULCCHRT ,-111,3,3,3000,590,13,13,13,0,0,0,0,0,0,0,2000,0,0,0,0,0,0,WEST
-124,40, LULCCHRT ,-111,4,4,3000,590,15,15,15,0,0,0,0,0,0,0,2000,0,0,0,0,0,0,WEST
-124,40.5, LULCCHRT ,-111,1,1,3000,780,9,9,9,0,0,0,0,0,0,0,2000,0,0,0,0,0,0,WEST
-124,40.5, LULCCHRT ,-111,2,2,3000,780,13,13,13,0,0,0,0,0,0,0,2000,0,0,0,0,0,0,WEST
-124,40.5, LULCCHRT ,-111,3,3,3000,780,15,15,15,0,0,0,0,0,0,0,2000,0,0,0,0,0,0,WEST
-124,41, LULCCHRT ,-111,1,1,3000,775,9,9,9,0,0,0,0,0,0,0,2000,0,0,0,0,0,0,WEST
-124,41, LULCCHRT ,-111,2,2,3000,775,13,13,13,0,0,0,0,0,0,0,2000,0,0,0,0,0,0,WEST
-124,41, LULCCHRT ,-111,3,3,3000,775,15,15,15,0,0,0,0,0,0,0,2000,0,0,0,0,0,0,WEST
-124,41.5, LULCCHRT ,-111,1,1,3000,769,9,9,9,0,0,0,0,0,0,0,2000,0,0,0,0,0,0,WEST
-124,41.5, LULCCHRT ,-111,2,2,3000,769,13,13,13,0,0,0,0,0,0,0,2000,0,0,0,0,0,0,WEST
-124,41.5, LULCCHRT ,-111,3,3,3000,769,15,15,15,0,0,0,0,0,0,0,2000,0,0,0,0,0,0,WEST
-124,42, LULCCHRT ,-111,1,1,3000,763,9,9,9,0,0,0,0,0,0,0,2000,0,0,0,0,0,0,WEST
-124,42, LULCCHRT ,-111,2,2,3000,763,13,13,13,0,0,0,0,0,0,0,2000,0,0,0,0,0,0,WEST
-124,42, LULCCHRT ,-111,3,3,3000,763,15,15,15,0,0,0,0,0,0,0,2000,0,0,0,0,0,0,WEST
-124,42.5, LULCCHRT ,-111,1,1,3000,756,9,9,9,0,0,0,0,0,0,0,2000,0,0,0,0,0,0,WEST
-124,42.5, LULCCHRT ,-111,2,2,3000,756,13,13,13,0,0,0,0,0,0,0,2000,0,0,0,0,0,0,WEST
-124,42.5, LULCCHRT ,-111,3,3,3000,756,15,15,15,0,0,0,0,0,0,0,2000,0,0,0,0,0,0,WEST
-124,43, LULCCHRT ,-111,1,1,3000,750,9,9,9,0,0,0,0,0,0,0,2000,0,0,0,0,0,0,WEST
-124,43, LULCCHRT ,-111,2,2,3000,750,13,13,13,0,0,0,0,0,0,0,2000,0,0,0,0,0,0,WEST
-124,43, LULCCHRT ,-111,3,3,3000,750,15,15,15,0,0,0,0,0,0,0,2000,0,0,0,0,0,0,WEST
-124,43.5, LULCCHRT ,-111,1,1,3000,744,9,9,9,0,0,0,0,0,0,0,2000,0,0,0,0,0,0,WEST
-124,43.5, LULCCHRT ,-111,2,2,3000,744,13,13,13,0,0,0,0,0,0,0,2000,0,0,0,0,0,0,WEST
-124,43.5, LULCCHRT ,-111,3,3,3000,744,15,15,15,0,0,0,0,0,0,0,2000,0,0,0,0,0,0,WEST
-124,44, LULCCHRT ,-111,1,1,3000,738,9,9,9,0,0,0,0,0,0,0,2000,0,0,0,0,0,0,WEST
-124,44, LULCCHRT ,-111,2,2,3000,738,13,13,13,0,0,0,0,0,0,0,2000,0,0,0,0,0,0,WEST
-124,44, LULCCHRT ,-111,3,3,3000,738,15,15,15,0,0,0,0,0,0,0,2000,0,0,0,0,0,0,WEST
-124,44.5, LULCCHRT ,-111,1,1,3000,732,9,9,9,0,0,0,0,0,0,0,2000,0,0,0,0,0,0,WEST
-124,44.5, LULCCHRT ,-111,2,2,3000,732,13,13,13,0,0,0,0,0,0,0,2000,0,0,0,0,0,0,WEST
-124,44.5, LULCCHRT ,-111,3,3,3000,732,15,15,15,0,0,0,0,0,0,0,2000,0,0,0,0,0,0,WEST
-124,45, LULCCHRT ,-111,1,1,3000,725,9,9,9,0,0,0,0,0,0,0,2000,0,0,0,0,0,0,WEST
-124,45, LULCCHRT ,-111,2,2,3000,725,13,13,13,0,0,0,0,0,0,0,2000,0,0,0,0,0,0,WEST
-124,45, LULCCHRT ,-111,3,3,3000,725,15,15,15,0,0,0,0,0,0,0,2000,0,0,0,0,0,0,WEST
-124,45.5, LULCCHRT ,-111,1,1,3000,719,9,9,9,0,0,0,0,0,0,0,2000,0,0,0,0,0,0,WEST
-124,45.5, LULCCHRT ,-111,2,2,3000,719,13,13,13,0,0,0,0,0,0,0,2000,0,0,0,0,0,0,WEST
-124,45.5, LULCCHRT ,-111,3,3,3000,719,15,15,15,0,0,0,0,0,0,0,2000,0,0,0,0,0,0,WEST
-124,46, LULCCHRT ,-111,1,1,3000,657,9,9,9,0,0,0,0,0,0,0,2000,0,0,0,0,0,0,WEST
-124,46, LULCCHRT ,-111,2,2,3000,657,13,13,13,0,0,0,0,0,0,0,2000,0,0,0,0,0,0,WEST
-124,46, LULCCHRT ,-111,3,3,3000,657,15,15,15,0,0,0,0,0,0,0,2000,0,0,0,0,0,0,WEST
-124,46.5, LULCCHRT ,-111,1,1,3000,706,9,9,9,0,0,0,0,0,0,0,2000,0,0,0,0,0,0,WEST
-124,46.5, LULCCHRT ,-111,2,2,3000,706,13,13,13,0,0,0,0,0,0,0,2000,0,0,0,0,0,0,WEST
-124,46.5, LULCCHRT ,-111,3,3,3000,706,15,15,15,0,0,0,0,0,0,0,2000,0,0,0,0,0,0,WEST
-124,47, LULCCHRT ,-111,1,1,3000,699,9,9,9,0,0,0,0,0,0,0,2000,0,0,0,0,0,0,WEST
-124,47, LULCCHRT ,-111,2,2,3000,699,13,13,13,0,0,0,0,0,0,0,2000,0,0,0,0,0,0,WEST
-124,47, LULCCHRT ,-111,3,3,3000,699,15,15,15,0,0,0,0,0,0,0,2000,0,0,0,0,0,0,WEST
-124,47.5, LULCCHRT ,-111,1,1,3000,693,9,9,9,0,0,0,0,0,0,0,2000,0,0,0,0,0,0,WEST
-124,47.5, LULCCHRT ,-111,2,2,3000,693,13,13,13,0,0,0,0,0,0,0,2000,0,0,0,0,0,0,WEST
-124,47.5, LULCCHRT ,-111,3,3,3000,693,15,15,15,0,0,0,0,0,0,0,2000,0,0,0,0,0,0,WEST
-123.5,39, LULCCHRT ,-111,1,1,3000,598,8,8,9,0,0,0,0,0,0,0,2000,0,0,0,0,0,0,WEST
-123.5,39, LULCCHRT ,-111,2,2,3000,598,8,8,10,0,0,0,0,0,0,0,2000,0,0,0,0,0,0,WEST
-123.5,39, LULCCHRT ,-111,3,3,3000,598,13,13,13,0,0,0,0,0,0,0,2000,0,0,0,0,0,0,WEST
-123.5,39, LULCCHRT ,-111,4,4,3000,598,15,15,15,0,0,0,0,0,0,0,2000,0,0,0,0,0,0,WEST
-123.5,39.5, LULCCHRT ,-111,1,1,3000,594,8,8,9,0,0,0,0,0,0,0,2000,0,0,0,0,0,0,WEST
-123.5,39.5, LULCCHRT ,-111,2,2,3000,594,8,8,10,0,0,0,0,0,0,0,2000,0,0,0,0,0,0,WEST
-123.5,39.5, LULCCHRT ,-111,3,3,3000,594,13,13,13,0,0,0,0,0,0,0,2000,0,0,0,0,0,0,WEST
-123.5,39.5, LULCCHRT ,-111,4,4,3000,594,15,15,15,0,0,0,0,0,0,0,2000,0,0,0,0,0,0,WEST
-123.5,40, LULCCHRT ,-111,1,1,3000,786,9,9,9,0,0,0,0,0,0,0,2000,0,0,0,0,0,0,WEST
-123.5,40, LULCCHRT ,-111,2,2,3000,786,13,13,13,0,0,0,0,0,0,0,2000,0,0,0,0,0,0,WEST
-123.5,40, LULCCHRT ,-111,3,3,3000,786,15,15,15,0,0,0,0,0,0,0,2000,0,0,0,0,0,0,WEST
-123.5,40.5, LULCCHRT ,-111,1,1,3000,780,9,9,9,0,0,0,0,0,0,0,2000,0,0,0,0,0,0,WEST
-123.5,40.5, LULCCHRT ,-111,2,2,3000,780,13,13,13,0,0,0,0,0,0,0,2000,0,0,0,0,0,0,WEST
-123.5,40.5, LULCCHRT ,-111,3,3,3000,780,15,15,15,0,0,0,0,0,0,0,2000,0,0,0,0,0,0,WEST
-123.5,41, LULCCHRT ,-111,1,1,3000,775,9,9,9,0,0,0,0,0,0,0,2000,0,0,0,0,0,0,WEST
-123.5,41, LULCCHRT ,-111,2,2,3000,775,13,13,13,0,0,0,0,0,0,0,2000,0,0,0,0,0,0,WEST
-123.5,41, LULCCHRT ,-111,3,3,3000,775,15,15,15,0,0,0,0,0,0,0,2000,0,0,0,0,0,0,WEST
-123.5,41.5, LULCCHRT ,-111,1,1,3000,769,9,9,9,0,0,0,0,0,0,0,2000,0,0,0,0,0,0,WEST
-123.5,41.5, LULCCHRT ,-111,2,2,3000,769,13,13,13,0,0,0,0,0,0,0,2000,0,0,0,0,0,0,WEST
-123.5,41.5, LULCCHRT ,-111,3,3,3000,769,15,15,15,0,0,0,0,0,0,0,2000,0,0,0,0,0,0,WEST
-123.5,42, LULCCHRT ,-111,1,1,3000,763,9,9,9,0,0,0,0,0,0,0,2000,0,0,0,0,0,0,WEST
-123.5,42, LULCCHRT ,-111,2,2,3000,763,13,13,13,0,0,0,0,0,0,0,2000,0,0,0,0,0,0,WEST
-123.5,42, LULCCHRT ,-111,3,3,3000,763,15,15,15,0,0,0,0,0,0,0,2000,0,0,0,0,0,0,WEST
-123.5,42.5, LULCCHRT ,-111,1,1,3000,756,9,9,9,0,0,0,0,0,0,0,2000,0,0,0,0,0,0,WEST
-123.5,42.5, LULCCHRT ,-111,2,2,3000,756,13,13,13,0,0,0,0,0,0,0,2000,0,0,0,0,0,0,WEST
-123.5,42.5, LULCCHRT ,-111,3,3,3000,756,15,15,15,0,0,0,0,0,0,0,2000,0,0,0,0,0,0,WEST
-123.5,43, LULCCHRT ,-111,1,1,3000,750,10,10,10,0,0,0,0,0,0,0,2000,0,0,0,0,0,0,WEST
-123.5,43, LULCCHRT ,-111,2,2,3000,750,13,13,13,0,0,0,0,0,0,0,2000,0,0,0,0,0,0,WEST
-123.5,43, LULCCHRT ,-111,3,3,3000,750,15,15,15,0,0,0,0,0,0,0,2000,0,0,0,0,0,0,WEST
-123.5,43.5, LULCCHRT ,-111,1,1,3000,558,8,8,9,0,0,0,0,0,0,0,2000,0,0,0,0,0,0,WEST
-123.5,43.5, LULCCHRT ,-111,2,2,3000,558,8,8,10,0,0,0,0,0,0,0,2000,0,0,0,0,0,0,WEST
-123.5,43.5, LULCCHRT ,-111,3,3,3000,558,13,13,13,0,0,0,0,0,0,0,2000,0,0,0,0,0,0,WEST
-123.5,43.5, LULCCHRT ,-111,4,4,3000,558,15,15,15,0,0,0,0,0,0,0,2000,0,0,0,0,0,0,WEST
-123.5,44, LULCCHRT ,-111,1,1,3000,554,8,8,9,0,0,0,0,0,0,0,2000,0,0,0,0,0,0,WEST
-123.5,44, LULCCHRT ,-111,2,2,3000,554,8,8,10,0,0,0,0,0,0,0,2000,0,0,0,0,0,0,WEST
-123.5,44, LULCCHRT ,-111,3,3,3000,554,13,13,13,0,0,0,0,0,0,0,2000,0,0,0,0,0,0,WEST
-123.5,44, LULCCHRT ,-111,4,4,3000,554,15,15,15,0,0,0,0,0,0,0,2000,0,0,0,0,0,0,WEST
-123.5,44.5, LULCCHRT ,-111,1,1,3000,548,8,8,9,0,0,0,0,0,0,0,2000,0,0,0,0,0,0,WEST
-123.5,44.5, LULCCHRT ,-111,2,2,3000,549,8,8,10,0,0,0,0,0,0,0,2000,0,0,0,0,0,0,WEST
-123.5,44.5, LULCCHRT ,-111,3,3,3000,549,13,13,13,0,0,0,0,0,0,0,2000,0,0,0,0,0,0,WEST
-123.5,44.5, LULCCHRT ,-111,4,4,3000,549,15,15,15,0,0,0,0,0,0,0,2000,0,0,0,0,0,0,WEST
-123.5,45, LULCCHRT ,-111,1,1,3000,544,8,8,9,0,0,0,0,0,0,0,2000,0,0,0,0,0,0,WEST
-123.5,45, LULCCHRT ,-111,2,2,3000,544,8,8,10,0,0,0,0,0,0,0,2000,0,0,0,0,0,0,WEST
-123.5,45, LULCCHRT ,-111,3,3,3000,544,13,13,13,0,0,0,0,0,0,0,2000,0,0,0,0,0,0,WEST
-123.5,45, LULCCHRT ,-111,4,4,3000,544,15,15,15,0,0,0,0,0,0,0,2000,0,0,0,0,0,0,WEST
-123.5,45.5, LULCCHRT ,-111,1,1,3000,719,9,9,9,0,0,0,0,0,0,0,2000,0,0,0,0,0,0,WEST
-123.5,45.5, LULCCHRT ,-111,2,2,3000,719,13,13,13,0,0,0,0,0,0,0,2000,0,0,0,0,0,0,WEST
-123.5,45.5, LULCCHRT ,-111,3,3,3000,719,15,15,15,0,0,0,0,0,0,0,2000,0,0,0,0,0,0,WEST
-123.5,46, LULCCHRT ,-111,1,1,3000,712,9,9,9,0,0,0,0,0,0,0,2000,0,0,0,0,0,0,WEST
-123.5,46, LULCCHRT ,-111,2,2,3000,712,13,13,13,0,0,0,0,0,0,0,2000,0,0,0,0,0,0,WEST
-123.5,46, LULCCHRT ,-111,3,3,3000,712,15,15,15,0,0,0,0,0,0,0,2000,0,0,0,0,0,0,WEST
-123.5,46.5, LULCCHRT ,-111,1,1,3000,706,9,9,9,0,0,0,0,0,0,0,2000,0,0,0,0,0,0,WEST
-123.5,46.5, LULCCHRT ,-111,2,2,3000,706,13,13,13,0,0,0,0,0,0,0,2000,0,0,0,0,0,0,WEST
-123.5,46.5, LULCCHRT ,-111,3,3,3000,706,15,15,15,0,0,0,0,0,0,0,2000,0,0,0,0,0,0,WEST
-123.5,47, LULCCHRT ,-111,1,1,3000,699,9,9,9,0,0,0,0,0,0,0,2000,0,0,0,0,0,0,WEST
-123.5,47, LULCCHRT ,-111,2,2,3000,699,13,13,13,0,0,0,0,0,0,0,2000,0,0,0,0,0,0,WEST
-123.5,47, LULCCHRT ,-111,3,3,3000,699,15,15,15,0,0,0,0,0,0,0,2000,0,0,0,0,0,0,WEST
-123.5,47.5, LULCCHRT ,-111,1,1,3000,693,9,9,9,0,0,0,0,0,0,0,2000,0,0,0,0,0,0,WEST
-123.5,47.5, LULCCHRT ,-111,2,2,3000,693,13,13,13,0,0,0,0,0,0,0,2000,0,0,0,0,0,0,WEST
-123.5,47.5, LULCCHRT ,-111,3,3,3000,693,15,15,15,0,0,0,0,0,0,0,2000,0,0,0,0,0,0,WEST
-123.5,48, LULCCHRT ,-111,1,1,3000,389,9,9,9,0,0,0,0,0,0,0,2000,0,0,0,0,0,0,WEST
-123.5,48, LULCCHRT ,-111,2,2,3000,389,13,13,13,0,0,0,0,0,0,0,2000,0,0,0,0,0,0,WEST
-123.5,48, LULCCHRT ,-111,3,3,3000,389,15,15,15,0,0,0,0,0,0,0,2000,0,0,0,0,0,0,WEST
-123,38.5, LULCCHRT ,-111,1,1,3000,602,8,8,9,0,0,0,0,0,0,0,2000,0,0,0,0,0,0,WEST
-123,38.5, LULCCHRT ,-111,2,2,3000,602,8,8,10,0,0,0,0,0,0,0,2000,0,0,0,0,0,0,WEST
-123,38.5, LULCCHRT ,-111,3,3,3000,602,13,13,13,0,0,0,0,0,0,0,2000,0,0,0,0,0,0,WEST
-123,38.5, LULCCHRT ,-111,4,4,3000,602,15,15,15,0,0,0,0,0,0,0,2000,0,0,0,0,0,0,WEST
-123,39.5, LULCCHRT ,-111,1,1,3000,792,9,9,9,0,0,0,0,0,0,0,2000,0,0,0,0,0,0,WEST
-123,39.5, LULCCHRT ,-111,2,2,3000,792,13,13,13,0,0,0,0,0,0,0,2000,0,0,0,0,0,0,WEST
-123,39.5, LULCCHRT ,-111,3,3,3000,792,15,15,15,0,0,0,0,0,0,0,2000,0,0,0,0,0,0,WEST
-123,40, LULCCHRT ,-111,1,1,3000,786,33,33,33,0,0,0,0,0,0,0,2000,0,0,0,0,0,0,WEST
-123,40, LULCCHRT ,-111,2,2,3000,786,13,13,13,0,0,0,0,0,0,0,2000,0,0,0,0,0,0,WEST
-123,40, LULCCHRT ,-111,3,3,3000,786,15,15,15,0,0,0,0,0,0,0,2000,0,0,0,0,0,0,WEST
-123,40.5, LULCCHRT ,-111,1,1,3000,780,9,9,9,0,0,0,0,0,0,0,2000,0,0,0,0,0,0,WEST
-123,40.5, LULCCHRT ,-111,2,2,3000,780,13,13,13,0,0,0,0,0,0,0,2000,0,0,0,0,0,0,WEST
-123,40.5, LULCCHRT ,-111,3,3,3000,780,15,15,15,0,0,0,0,0,0,0,2000,0,0,0,0,0,0,WEST
-123,41, LULCCHRT ,-111,1,1,3000,775,9,9,9,0,0,0,0,0,0,0,2000,0,0,0,0,0,0,WEST
-123,41, LULCCHRT ,-111,2,2,3000,775,13,13,13,0,0,0,0,0,0,0,2000,0,0,0,0,0,0,WEST
-123,41, LULCCHRT ,-111,3,3,3000,775,15,15,15,0,0,0,0,0,0,0,2000,0,0,0,0,0,0,WEST
-123,41.5, LULCCHRT ,-111,1,1,3000,769,9,9,9,0,0,0,0,0,0,0,2000,0,0,0,0,0,0,WEST
-123,41.5, LULCCHRT ,-111,2,2,3000,769,13,13,13,0,0,0,0,0,0,0,2000,0,0,0,0,0,0,WEST
-123,41.5, LULCCHRT ,-111,3,3,3000,769,15,15,15,0,0,0,0,0,0,0,2000,0,0,0,0,0,0,WEST
-123,42, LULCCHRT ,-111,1,1,3000,763,10,10,10,0,0,0,0,0,0,0,2000,0,0,0,0,0,0,WEST
-123,42, LULCCHRT ,-111,2,2,3000,763,13,13,13,0,0,0,0,0,0,0,2000,0,0,0,0,0,0,WEST
-123,42, LULCCHRT ,-111,3,3,3000,763,15,15,15,0,0,0,0,0,0,0,2000,0,0,0,0,0,0,WEST
-123,42.5, LULCCHRT ,-111,1,1,3000,756,9,9,9,0,0,0,0,0,0,0,2000,0,0,0,0,0,0,WEST
-123,42.5, LULCCHRT ,-111,2,2,3000,756,13,13,13,0,0,0,0,0,0,0,2000,0,0,0,0,0,0,WEST
-123,42.5, LULCCHRT ,-111,3,3,3000,756,15,15,15,0,0,0,0,0,0,0,2000,0,0,0,0,0,0,WEST
-123,43, LULCCHRT ,-111,1,1,3000,750,9,9,9,0,0,0,0,0,0,0,2000,0,0,0,0,0,0,WEST
-123,43, LULCCHRT ,-111,2,2,3000,750,13,13,13,0,0,0,0,0,0,0,2000,0,0,0,0,0,0,WEST
-123,43, LULCCHRT ,-111,3,3,3000,750,15,15,15,0,0,0,0,0,0,0,2000,0,0,0,0,0,0,WEST
-123,43.5, LULCCHRT ,-111,1,1,3000,744,9,9,9,0,0,0,0,0,0,0,2000,0,0,0,0,0,0,WEST
-123,43.5, LULCCHRT ,-111,2,2,3000,744,13,13,13,0,0,0,0,0,0,0,2000,0,0,0,0,0,0,WEST
-123,43.5, LULCCHRT ,-111,3,3,3000,744,15,15,15,0,0,0,0,0,0,0,2000,0,0,0,0,0,0,WEST
-123,44, LULCCHRT ,-111,1,1,3000,738,9,9,9,0,0,0,0,0,0,0,2000,0,0,0,0,0,0,WEST
-123,44, LULCCHRT ,-111,2,2,3000,738,13,13,13,0,0,0,0,0,0,0,2000,0,0,0,0,0,0,WEST
-123,44, LULCCHRT ,-111,3,3,3000,738,15,15,15,0,0,0,0,0,0,0,2000,0,0,0,0,0,0,WEST
-123,44.5, LULCCHRT ,-111,1,1,3000,548,8,8,9,0,0,0,0,0,0,0,2000,0,0,0,0,0,0,WEST
-123,44.5, LULCCHRT ,-111,2,2,3000,549,8,8,10,0,0,0,0,0,0,0,2000,0,0,0,0,0,0,WEST
-123,44.5, LULCCHRT ,-111,3,3,3000,549,13,13,13,0,0,0,0,0,0,0,2000,0,0,0,0,0,0,WEST
-123,44.5, LULCCHRT ,-111,4,4,3000,549,15,15,15,0,0,0,0,0,0,0,2000,0,0,0,0,0,0,WEST
-123,45, LULCCHRT ,-111,1,1,3000,544,8,8,9,0,0,0,0,0,0,0,2000,0,0,0,0,0,0,WEST
-123,45, LULCCHRT ,-111,2,2,3000,544,8,8,10,0,0,0,0,0,0,0,2000,0,0,0,0,0,0,WEST
-123,45, LULCCHRT ,-111,3,3,3000,544,13,13,13,0,0,0,0,0,0,0,2000,0,0,0,0,0,0,WEST
-123,45, LULCCHRT ,-111,4,4,3000,544,15,15,15,0,0,0,0,0,0,0,2000,0,0,0,0,0,0,WEST
-123,45.5, LULCCHRT ,-111,1,1,3000,719,9,9,9,0,0,0,0,0,0,0,2000,0,0,0,0,0,0,WEST
-123,45.5, LULCCHRT ,-111,2,2,3000,719,13,13,13,0,0,0,0,0,0,0,2000,0,0,0,0,0,0,WEST
-123,45.5, LULCCHRT ,-111,3,3,3000,719,15,15,15,0,0,0,0,0,0,0,2000,0,0,0,0,0,0,WEST
-123,46, LULCCHRT ,-111,1,1,3000,712,9,9,9,0,0,0,0,0,0,0,2000,0,0,0,0,0,0,WEST
-123,46, LULCCHRT ,-111,2,2,3000,712,13,13,13,0,0,0,0,0,0,0,2000,0,0,0,0,0,0,WEST
-123,46, LULCCHRT ,-111,3,3,3000,712,15,15,15,0,0,0,0,0,0,0,2000,0,0,0,0,0,0,WEST
-123,46.5, LULCCHRT ,-111,1,1,3000,706,9,9,9,0,0,0,0,0,0,0,2000,0,0,0,0,0,0,WEST
-123,46.5, LULCCHRT ,-111,2,2,3000,706,13,13,13,0,0,0,0,0,0,0,2000,0,0,0,0,0,0,WEST
-123,46.5, LULCCHRT ,-111,3,3,3000,706,15,15,15,0,0,0,0,0,0,0,2000,0,0,0,0,0,0,WEST
-123,47, LULCCHRT ,-111,1,1,3000,699,9,9,9,0,0,0,0,0,0,0,2000,0,0,0,0,0,0,WEST
-123,47, LULCCHRT ,-111,2,2,3000,699,13,13,13,0,0,0,0,0,0,0,2000,0,0,0,0,0,0,WEST
-123,47, LULCCHRT ,-111,3,3,3000,699,15,15,15,0,0,0,0,0,0,0,2000,0,0,0,0,0,0,WEST
-123,47.5, LULCCHRT ,-111,1,1,3000,693,9,9,9,0,0,0,0,0,0,0,2000,0,0,0,0,0,0,WEST
-123,47.5, LULCCHRT ,-111,2,2,3000,693,13,13,13,0,0,0,0,0,0,0,2000,0,0,0,0,0,0,WEST
-123,47.5, LULCCHRT ,-111,3,3,3000,693,15,15,15,0,0,0,0,0,0,0,2000,0,0,0,0,0,0,WEST
-123,48, LULCCHRT ,-111,1,1,3000,396,9,9,9,0,0,0,0,0,0,0,2000,0,0,0,0,0,0,WEST
-123,48, LULCCHRT ,-111,2,2,3000,396,13,13,13,0,0,0,0,0,0,0,2000,0,0,0,0,0,0,WEST
-123,48, LULCCHRT ,-111,3,3,3000,396,15,15,15,0,0,0,0,0,0,0,2000,0,0,0,0,0,0,WEST
-123,48.5, LULCCHRT ,-111,1,1,3000,443,9,9,9,0,0,0,0,0,0,0,2000,0,0,0,0,0,0,WEST
-123,48.5, LULCCHRT ,-111,2,2,3000,443,13,13,13,0,0,0,0,0,0,0,2000,0,0,0,0,0,0,WEST
-123,48.5, LULCCHRT ,-111,3,3,3000,443,15,15,15,0,0,0,0,0,0,0,2000,0,0,0,0,0,0,WEST
-122.5,38, LULCCHRT ,-111,1,1,3000,737,33,33,33,0,0,0,0,0,0,0,2000,0,0,0,0,0,0,WEST
-122.5,38, LULCCHRT ,-111,2,2,3000,737,13,13,13,0,0,0,0,0,0,0,2000,0,0,0,0,0,0,WEST
-122.5,38, LULCCHRT ,-111,3,3,3000,737,15,15,15,0,0,0,0,0,0,0,2000,0,0,0,0,0,0,WEST
-122.5,41.5, LULCCHRT ,-111,1,1,3000,769,9,9,9,0,0,0,0,0,0,0,2000,0,0,0,0,0,0,WEST
-122.5,41.5, LULCCHRT ,-111,2,2,3000,769,13,13,13,0,0,0,0,0,0,0,2000,0,0,0,0,0,0,WEST
-122.5,41.5, LULCCHRT ,-111,3,3,3000,769,15,15,15,0,0,0,0,0,0,0,2000,0,0,0,0,0,0,WEST
-122.5,42, LULCCHRT ,-111,1,1,3000,763,9,9,9,0,0,0,0,0,0,0,2000,0,0,0,0,0,0,WEST
-122.5,42, LULCCHRT ,-111,2,2,3000,763,13,13,13,0,0,0,0,0,0,0,2000,0,0,0,0,0,0,WEST
-122.5,42, LULCCHRT ,-111,3,3,3000,763,15,15,15,0,0,0,0,0,0,0,2000,0,0,0,0,0,0,WEST
-122.5,42.5, LULCCHRT ,-111,1,1,3000,756,9,9,9,0,0,0,0,0,0,0,2000,0,0,0,0,0,0,WEST
-122.5,42.5, LULCCHRT ,-111,2,2,3000,756,13,13,13,0,0,0,0,0,0,0,2000,0,0,0,0,0,0,WEST
-122.5,42.5, LULCCHRT ,-111,3,3,3000,756,15,15,15,0,0,0,0,0,0,0,2000,0,0,0,0,0,0,WEST
-122.5,43, LULCCHRT ,-111,1,1,3000,750,9,9,9,0,0,0,0,0,0,0,2000,0,0,0,0,0,0,WEST
-122.5,43, LULCCHRT ,-111,2,2,3000,750,13,13,13,0,0,0,0,0,0,0,2000,0,0,0,0,0,0,WEST
-122.5,43, LULCCHRT ,-111,3,3,3000,750,15,15,15,0,0,0,0,0,0,0,2000,0,0,0,0,0,0,WEST
-122.5,43.5, LULCCHRT ,-111,1,1,3000,744,9,9,9,0,0,0,0,0,0,0,2000,0,0,0,0,0,0,WEST
-122.5,43.5, LULCCHRT ,-111,2,2,3000,744,13,13,13,0,0,0,0,0,0,0,2000,0,0,0,0,0,0,WEST
-122.5,43.5, LULCCHRT ,-111,3,3,3000,744,15,15,15,0,0,0,0,0,0,0,2000,0,0,0,0,0,0,WEST
-122.5,44, LULCCHRT ,-111,1,1,3000,738,9,9,9,0,0,0,0,0,0,0,2000,0,0,0,0,0,0,WEST
-122.5,44, LULCCHRT ,-111,2,2,3000,738,13,13,13,0,0,0,0,0,0,0,2000,0,0,0,0,0,0,WEST
-122.5,44, LULCCHRT ,-111,3,3,3000,738,15,15,15,0,0,0,0,0,0,0,2000,0,0,0,0,0,0,WEST
-122.5,44.5, LULCCHRT ,-111,1,1,3000,732,9,9,9,0,0,0,0,0,0,0,2000,0,0,0,0,0,0,WEST
-122.5,44.5, LULCCHRT ,-111,2,2,3000,732,13,13,13,0,0,0,0,0,0,0,2000,0,0,0,0,0,0,WEST
-122.5,44.5, LULCCHRT ,-111,3,3,3000,732,15,15,15,0,0,0,0,0,0,0,2000,0,0,0,0,0,0,WEST
-122.5,45, LULCCHRT ,-111,1,1,3000,725,9,9,9,0,0,0,0,0,0,0,2000,0,0,0,0,0,0,WEST
-122.5,45, LULCCHRT ,-111,2,2,3000,725,13,13,13,0,0,0,0,0,0,0,2000,0,0,0,0,0,0,WEST
-122.5,45, LULCCHRT ,-111,3,3,3000,725,15,15,15,0,0,0,0,0,0,0,2000,0,0,0,0,0,0,WEST
-122.5,45.5, LULCCHRT ,-111,1,1,3000,719,9,9,9,0,0,0,0,0,0,0,2000,0,0,0,0,0,0,WEST
-122.5,45.5, LULCCHRT ,-111,2,2,3000,719,13,13,13,0,0,0,0,0,0,0,2000,0,0,0,0,0,0,WEST
-122.5,45.5, LULCCHRT ,-111,3,3,3000,719,15,15,15,0,0,0,0,0,0,0,2000,0,0,0,0,0,0,WEST
-122.5,46, LULCCHRT ,-111,1,1,3000,712,9,9,9,0,0,0,0,0,0,0,2000,0,0,0,0,0,0,WEST
-122.5,46, LULCCHRT ,-111,2,2,3000,712,13,13,13,0,0,0,0,0,0,0,2000,0,0,0,0,0,0,WEST
-122.5,46, LULCCHRT ,-111,3,3,3000,712,15,15,15,0,0,0,0,0,0,0,2000,0,0,0,0,0,0,WEST
-122.5,46.5, LULCCHRT ,-111,1,1,3000,706,9,9,9,0,0,0,0,0,0,0,2000,0,0,0,0,0,0,WEST
-122.5,46.5, LULCCHRT ,-111,2,2,3000,706,13,13,13,0,0,0,0,0,0,0,2000,0,0,0,0,0,0,WEST
-122.5,46.5, LULCCHRT ,-111,3,3,3000,706,15,15,15,0,0,0,0,0,0,0,2000,0,0,0,0,0,0,WEST
-122.5,47, LULCCHRT ,-111,1,1,3000,699,9,9,9,0,0,0,0,0,0,0,2000,0,0,0,0,0,0,WEST
-122.5,47, LULCCHRT ,-111,2,2,3000,699,13,13,13,0,0,0,0,0,0,0,2000,0,0,0,0,0,0,WEST
-122.5,47, LULCCHRT ,-111,3,3,3000,699,15,15,15,0,0,0,0,0,0,0,2000,0,0,0,0,0,0,WEST
-122.5,47.5, LULCCHRT ,-111,1,1,3000,693,9,9,9,0,0,0,0,0,0,0,2000,0,0,0,0,0,0,WEST
-122.5,47.5, LULCCHRT ,-111,2,2,3000,693,13,13,13,0,0,0,0,0,0,0,2000,0,0,0,0,0,0,WEST
-122.5,47.5, LULCCHRT ,-111,3,3,3000,693,15,15,15,0,0,0,0,0,0,0,2000,0,0,0,0,0,0,WEST
-122.5,48, LULCCHRT ,-111,1,1,3000,686,9,9,9,0,0,0,0,0,0,0,2000,0,0,0,0,0,0,WEST
-122.5,48, LULCCHRT ,-111,2,2,3000,686,13,13,13,0,0,0,0,0,0,0,2000,0,0,0,0,0,0,WEST
-122.5,48, LULCCHRT ,-111,3,3,3000,686,15,15,15,0,0,0,0,0,0,0,2000,0,0,0,0,0,0,WEST
-122.5,48.5, LULCCHRT ,-111,1,1,3000,679,9,9,9,0,0,0,0,0,0,0,2000,0,0,0,0,0,0,WEST
-122.5,48.5, LULCCHRT ,-111,2,2,3000,679,13,13,13,0,0,0,0,0,0,0,2000,0,0,0,0,0,0,WEST
-122.5,48.5, LULCCHRT ,-111,3,3,3000,679,15,15,15,0,0,0,0,0,0,0,2000,0,0,0,0,0,0,WEST
-122,36.5, LULCCHRT ,-111,1,1,3000,734,33,33,33,0,0,0,0,0,0,0,2000,0,0,0,0,0,0,WEST
-122,36.5, LULCCHRT ,-111,2,2,3000,734,13,13,13,0,0,0,0,0,0,0,2000,0,0,0,0,0,0,WEST
-122,36.5, LULCCHRT ,-111,3,3,3000,734,15,15,15,0,0,0,0,0,0,0,2000,0,0,0,0,0,0,WEST
-122,40, LULCCHRT ,-111,1,1,3000,786,9,9,9,0,0,0,0,0,0,0,2000,0,0,0,0,0,0,WEST
-122,40, LULCCHRT ,-111,2,2,3000,786,13,13,13,0,0,0,0,0,0,0,2000,0,0,0,0,0,0,WEST
-122,40, LULCCHRT ,-111,3,3,3000,786,15,15,15,0,0,0,0,0,0,0,2000,0,0,0,0,0,0,WEST
-122,40.5, LULCCHRT ,-111,1,1,3000,780,9,9,9,0,0,0,0,0,0,0,2000,0,0,0,0,0,0,WEST
-122,40.5, LULCCHRT ,-111,2,2,3000,780,13,13,13,0,0,0,0,0,0,0,2000,0,0,0,0,0,0,WEST
-122,40.5, LULCCHRT ,-111,3,3,3000,780,15,15,15,0,0,0,0,0,0,0,2000,0,0,0,0,0,0,WEST
-122,41, LULCCHRT ,-111,1,1,3000,775,9,9,9,0,0,0,0,0,0,0,2000,0,0,0,0,0,0,WEST
-122,41, LULCCHRT ,-111,2,2,3000,775,13,13,13,0,0,0,0,0,0,0,2000,0,0,0,0,0,0,WEST
-122,41, LULCCHRT ,-111,3,3,3000,775,15,15,15,0,0,0,0,0,0,0,2000,0,0,0,0,0,0,WEST
-122,42.5, LULCCHRT ,-111,1,1,3000,756,9,9,9,0,0,0,0,0,0,0,2000,0,0,0,0,0,0,WEST
-122,42.5, LULCCHRT ,-111,2,2,3000,756,13,13,13,0,0,0,0,0,0,0,2000,0,0,0,0,0,0,WEST
-122,42.5, LULCCHRT ,-111,3,3,3000,756,15,15,15,0,0,0,0,0,0,0,2000,0,0,0,0,0,0,WEST
-122,43, LULCCHRT ,-111,1,1,3000,750,9,9,9,0,0,0,0,0,0,0,2000,0,0,0,0,0,0,WEST
-122,43, LULCCHRT ,-111,2,2,3000,750,13,13,13,0,0,0,0,0,0,0,2000,0,0,0,0,0,0,WEST
-122,43, LULCCHRT ,-111,3,3,3000,750,15,15,15,0,0,0,0,0,0,0,2000,0,0,0,0,0,0,WEST
-122,43.5, LULCCHRT ,-111,1,1,3000,744,9,9,9,0,0,0,0,0,0,0,2000,0,0,0,0,0,0,WEST
-122,43.5, LULCCHRT ,-111,2,2,3000,744,13,13,13,0,0,0,0,0,0,0,2000,0,0,0,0,0,0,WEST
-122,43.5, LULCCHRT ,-111,3,3,3000,744,15,15,15,0,0,0,0,0,0,0,2000,0,0,0,0,0,0,WEST
-122,44, LULCCHRT ,-111,1,1,3000,738,9,9,9,0,0,0,0,0,0,0,2000,0,0,0,0,0,0,WEST
-122,44, LULCCHRT ,-111,2,2,3000,738,13,13,13,0,0,0,0,0,0,0,2000,0,0,0,0,0,0,WEST
-122,44, LULCCHRT ,-111,3,3,3000,738,15,15,15,0,0,0,0,0,0,0,2000,0,0,0,0,0,0,WEST
-122,44.5, LULCCHRT ,-111,1,1,3000,732,9,9,9,0,0,0,0,0,0,0,2000,0,0,0,0,0,0,WEST
-122,44.5, LULCCHRT ,-111,2,2,3000,732,13,13,13,0,0,0,0,0,0,0,2000,0,0,0,0,0,0,WEST
-122,44.5, LULCCHRT ,-111,3,3,3000,732,15,15,15,0,0,0,0,0,0,0,2000,0,0,0,0,0,0,WEST
-122,45, LULCCHRT ,-111,1,1,3000,725,9,9,9,0,0,0,0,0,0,0,2000,0,0,0,0,0,0,WEST
-122,45, LULCCHRT ,-111,2,2,3000,725,13,13,13,0,0,0,0,0,0,0,2000,0,0,0,0,0,0,WEST
-122,45, LULCCHRT ,-111,3,3,3000,725,15,15,15,0,0,0,0,0,0,0,2000,0,0,0,0,0,0,WEST
-122,45.5, LULCCHRT ,-111,1,1,3000,719,9,9,9,0,0,0,0,0,0,0,2000,0,0,0,0,0,0,WEST
-122,45.5, LULCCHRT ,-111,2,2,3000,719,13,13,13,0,0,0,0,0,0,0,2000,0,0,0,0,0,0,WEST
-122,45.5, LULCCHRT ,-111,3,3,3000,719,15,15,15,0,0,0,0,0,0,0,2000,0,0,0,0,0,0,WEST
-122,46, LULCCHRT ,-111,1,1,3000,712,9,9,9,0,0,0,0,0,0,0,2000,0,0,0,0,0,0,WEST
-122,46, LULCCHRT ,-111,2,2,3000,712,13,13,13,0,0,0,0,0,0,0,2000,0,0,0,0,0,0,WEST
-122,46, LULCCHRT ,-111,3,3,3000,712,15,15,15,0,0,0,0,0,0,0,2000,0,0,0,0,0,0,WEST
-122,46.5, LULCCHRT ,-111,1,1,3000,706,9,9,9,0,0,0,0,0,0,0,2000,0,0,0,0,0,0,WEST
-122,46.5, LULCCHRT ,-111,2,2,3000,706,13,13,13,0,0,0,0,0,0,0,2000,0,0,0,0,0,0,WEST
-122,46.5, LULCCHRT ,-111,3,3,3000,706,15,15,15,0,0,0,0,0,0,0,2000,0,0,0,0,0,0,WEST
-122,47, LULCCHRT ,-111,1,1,3000,699,9,9,9,0,0,0,0,0,0,0,2000,0,0,0,0,0,0,WEST
-122,47, LULCCHRT ,-111,2,2,3000,699,13,13,13,0,0,0,0,0,0,0,2000,0,0,0,0,0,0,WEST
-122,47, LULCCHRT ,-111,3,3,3000,699,15,15,15,0,0,0,0,0,0,0,2000,0,0,0,0,0,0,WEST
-122,47.5, LULCCHRT ,-111,1,1,3000,693,9,9,9,0,0,0,0,0,0,0,2000,0,0,0,0,0,0,WEST
-122,47.5, LULCCHRT ,-111,2,2,3000,693,13,13,13,0,0,0,0,0,0,0,2000,0,0,0,0,0,0,WEST
-122,47.5, LULCCHRT ,-111,3,3,3000,693,15,15,15,0,0,0,0,0,0,0,2000,0,0,0,0,0,0,WEST
-122,48, LULCCHRT ,-111,1,1,3000,686,9,9,9,0,0,0,0,0,0,0,2000,0,0,0,0,0,0,WEST
-122,48, LULCCHRT ,-111,2,2,3000,686,13,13,13,0,0,0,0,0,0,0,2000,0,0,0,0,0,0,WEST
-122,48, LULCCHRT ,-111,3,3,3000,686,15,15,15,0,0,0,0,0,0,0,2000,0,0,0,0,0,0,WEST
-122,48.5, LULCCHRT ,-111,1,1,3000,679,4,4,4,0,0,0,0,0,0,0,2000,0,0,0,0,0,0,WEST
-122,48.5, LULCCHRT ,-111,2,2,3000,679,13,13,13,0,0,0,0,0,0,0,2000,0,0,0,0,0,0,WEST
-122,48.5, LULCCHRT ,-111,3,3,3000,679,15,15,15,0,0,0,0,0,0,0,2000,0,0,0,0,0,0,WEST
-121.5,36, LULCCHRT ,-111,1,1,3000,831,33,33,33,0,0,0,0,0,0,0,2000,0,0,0,0,0,0,WEST
-121.5,36, LULCCHRT ,-111,2,2,3000,831,13,13,13,0,0,0,0,0,0,0,2000,0,0,0,0,0,0,WEST
-121.5,36, LULCCHRT ,-111,3,3,3000,831,15,15,15,0,0,0,0,0,0,0,2000,0,0,0,0,0,0,WEST
-121.5,39, LULCCHRT ,-111,1,1,3000,798,33,33,33,0,0,0,0,0,0,0,2000,0,0,0,0,0,0,WEST
-121.5,39, LULCCHRT ,-111,2,2,3000,798,13,13,13,0,0,0,0,0,0,0,2000,0,0,0,0,0,0,WEST
-121.5,39, LULCCHRT ,-111,3,3,3000,798,15,15,15,0,0,0,0,0,0,0,2000,0,0,0,0,0,0,WEST
-121.5,39.5, LULCCHRT ,-111,1,1,3000,792,9,9,9,0,0,0,0,0,0,0,2000,0,0,0,0,0,0,WEST
-121.5,39.5, LULCCHRT ,-111,2,2,3000,792,13,13,13,0,0,0,0,0,0,0,2000,0,0,0,0,0,0,WEST
-121.5,39.5, LULCCHRT ,-111,3,3,3000,792,15,15,15,0,0,0,0,0,0,0,2000,0,0,0,0,0,0,WEST
-121.5,40, LULCCHRT ,-111,1,1,3000,786,9,9,9,0,0,0,0,0,0,0,2000,0,0,0,0,0,0,WEST
-121.5,40, LULCCHRT ,-111,2,2,3000,786,13,13,13,0,0,0,0,0,0,0,2000,0,0,0,0,0,0,WEST
-121.5,40, LULCCHRT ,-111,3,3,3000,786,15,15,15,0,0,0,0,0,0,0,2000,0,0,0,0,0,0,WEST
-121.5,40.5, LULCCHRT ,-111,1,1,3000,780,9,9,9,0,0,0,0,0,0,0,2000,0,0,0,0,0,0,WEST
-121.5,40.5, LULCCHRT ,-111,2,2,3000,780,13,13,13,0,0,0,0,0,0,0,2000,0,0,0,0,0,0,WEST
-121.5,40.5, LULCCHRT ,-111,3,3,3000,780,15,15,15,0,0,0,0,0,0,0,2000,0,0,0,0,0,0,WEST
-121.5,41, LULCCHRT ,-111,1,1,3000,775,9,9,9,0,0,0,0,0,0,0,2000,0,0,0,0,0,0,WEST
-121.5,41, LULCCHRT ,-111,2,2,3000,775,13,13,13,0,0,0,0,0,0,0,2000,0,0,0,0,0,0,WEST
-121.5,41, LULCCHRT ,-111,3,3,3000,775,15,15,15,0,0,0,0,0,0,0,2000,0,0,0,0,0,0,WEST
-121.5,42.5, LULCCHRT ,-111,1,1,3000,756,9,9,9,0,0,0,0,0,0,0,2000,0,0,0,0,0,0,WEST
-121.5,42.5, LULCCHRT ,-111,2,2,3000,756,13,13,13,0,0,0,0,0,0,0,2000,0,0,0,0,0,0,WEST
-121.5,42.5, LULCCHRT ,-111,3,3,3000,756,15,15,15,0,0,0,0,0,0,0,2000,0,0,0,0,0,0,WEST
-121.5,43, LULCCHRT ,-111,1,1,3000,750,9,9,9,0,0,0,0,0,0,0,2000,0,0,0,0,0,0,WEST
-121.5,43, LULCCHRT ,-111,2,2,3000,750,13,13,13,0,0,0,0,0,0,0,2000,0,0,0,0,0,0,WEST
-121.5,43, LULCCHRT ,-111,3,3,3000,750,15,15,15,0,0,0,0,0,0,0,2000,0,0,0,0,0,0,WEST
-121.5,43.5, LULCCHRT ,-111,1,1,3000,744,9,9,9,0,0,0,0,0,0,0,2000,0,0,0,0,0,0,WEST
-121.5,43.5, LULCCHRT ,-111,2,2,3000,744,13,13,13,0,0,0,0,0,0,0,2000,0,0,0,0,0,0,WEST
-121.5,43.5, LULCCHRT ,-111,3,3,3000,744,15,15,15,0,0,0,0,0,0,0,2000,0,0,0,0,0,0,WEST
-121.5,46, LULCCHRT ,-111,1,1,3000,712,9,9,9,0,0,0,0,0,0,0,2000,0,0,0,0,0,0,WEST
-121.5,46, LULCCHRT ,-111,2,2,3000,712,13,13,13,0,0,0,0,0,0,0,2000,0,0,0,0,0,0,WEST
-121.5,46, LULCCHRT ,-111,3,3,3000,712,15,15,15,0,0,0,0,0,0,0,2000,0,0,0,0,0,0,WEST
-121.5,46.5, LULCCHRT ,-111,1,1,3000,706,9,9,9,0,0,0,0,0,0,0,2000,0,0,0,0,0,0,WEST
-121.5,46.5, LULCCHRT ,-111,2,2,3000,706,13,13,13,0,0,0,0,0,0,0,2000,0,0,0,0,0,0,WEST
-121.5,46.5, LULCCHRT ,-111,3,3,3000,706,15,15,15,0,0,0,0,0,0,0,2000,0,0,0,0,0,0,WEST
-121.5,47, LULCCHRT ,-111,1,1,3000,699,9,9,9,0,0,0,0,0,0,0,2000,0,0,0,0,0,0,WEST
-121.5,47, LULCCHRT ,-111,2,2,3000,699,13,13,13,0,0,0,0,0,0,0,2000,0,0,0,0,0,0,WEST
-121.5,47, LULCCHRT ,-111,3,3,3000,699,15,15,15,0,0,0,0,0,0,0,2000,0,0,0,0,0,0,WEST
-121.5,47.5, LULCCHRT ,-111,1,1,3000,693,9,9,9,0,0,0,0,0,0,0,2000,0,0,0,0,0,0,WEST
-121.5,47.5, LULCCHRT ,-111,2,2,3000,693,13,13,13,0,0,0,0,0,0,0,2000,0,0,0,0,0,0,WEST
-121.5,47.5, LULCCHRT ,-111,3,3,3000,693,15,15,15,0,0,0,0,0,0,0,2000,0,0,0,0,0,0,WEST
-121.5,48.5, LULCCHRT ,-111,1,1,3000,679,4,4,4,0,0,0,0,0,0,0,2000,0,0,0,0,0,0,WEST
-121.5,48.5, LULCCHRT ,-111,2,2,3000,679,13,13,13,0,0,0,0,0,0,0,2000,0,0,0,0,0,0,WEST
-121.5,48.5, LULCCHRT ,-111,3,3,3000,679,15,15,15,0,0,0,0,0,0,0,2000,0,0,0,0,0,0,WEST
-121,35.5, LULCCHRT ,-111,1,1,3000,836,33,33,33,0,0,0,0,0,0,0,2000,0,0,0,0,0,0,WEST
-121,35.5, LULCCHRT ,-111,2,2,3000,836,13,13,13,0,0,0,0,0,0,0,2000,0,0,0,0,0,0,WEST
-121,35.5, LULCCHRT ,-111,3,3,3000,836,15,15,15,0,0,0,0,0,0,0,2000,0,0,0,0,0,0,WEST
-121,36, LULCCHRT ,-111,1,1,3000,831,33,33,33,0,0,0,0,0,0,0,2000,0,0,0,0,0,0,WEST
-121,36, LULCCHRT ,-111,2,2,3000,831,13,13,13,0,0,0,0,0,0,0,2000,0,0,0,0,0,0,WEST
-121,36, LULCCHRT ,-111,3,3,3000,831,15,15,15,0,0,0,0,0,0,0,2000,0,0,0,0,0,0,WEST
-121,38, LULCCHRT ,-111,1,1,3000,809,33,33,33,0,0,0,0,0,0,0,2000,0,0,0,0,0,0,WEST
-121,38, LULCCHRT ,-111,2,2,3000,809,13,13,13,0,0,0,0,0,0,0,2000,0,0,0,0,0,0,WEST
-121,38, LULCCHRT ,-111,3,3,3000,809,15,15,15,0,0,0,0,0,0,0,2000,0,0,0,0,0,0,WEST
-121,38.5, LULCCHRT ,-111,1,1,3000,803,9,9,9,0,0,0,0,0,0,0,2000,0,0,0,0,0,0,WEST
-121,38.5, LULCCHRT ,-111,2,2,3000,803,13,13,13,0,0,0,0,0,0,0,2000,0,0,0,0,0,0,WEST
-121,38.5, LULCCHRT ,-111,3,3,3000,803,15,15,15,0,0,0,0,0,0,0,2000,0,0,0,0,0,0,WEST
-121,39, LULCCHRT ,-111,1,1,3000,798,9,9,9,0,0,0,0,0,0,0,2000,0,0,0,0,0,0,WEST
-121,39, LULCCHRT ,-111,2,2,3000,798,13,13,13,0,0,0,0,0,0,0,2000,0,0,0,0,0,0,WEST
-121,39, LULCCHRT ,-111,3,3,3000,798,15,15,15,0,0,0,0,0,0,0,2000,0,0,0,0,0,0,WEST
-121,39.5, LULCCHRT ,-111,1,1,3000,792,9,9,9,0,0,0,0,0,0,0,2000,0,0,0,0,0,0,WEST
-121,39.5, LULCCHRT ,-111,2,2,3000,792,13,13,13,0,0,0,0,0,0,0,2000,0,0,0,0,0,0,WEST
-121,39.5, LULCCHRT ,-111,3,3,3000,792,15,15,15,0,0,0,0,0,0,0,2000,0,0,0,0,0,0,WEST
-121,40, LULCCHRT ,-111,1,1,3000,786,9,9,9,0,0,0,0,0,0,0,2000,0,0,0,0,0,0,WEST
-121,40, LULCCHRT ,-111,2,2,3000,786,13,13,13,0,0,0,0,0,0,0,2000,0,0,0,0,0,0,WEST
-121,40, LULCCHRT ,-111,3,3,3000,786,15,15,15,0,0,0,0,0,0,0,2000,0,0,0,0,0,0,WEST
-121,42, LULCCHRT ,-111,1,1,3000,763,9,9,9,0,0,0,0,0,0,0,2000,0,0,0,0,0,0,WEST
-121,42, LULCCHRT ,-111,2,2,3000,763,13,13,13,0,0,0,0,0,0,0,2000,0,0,0,0,0,0,WEST
-121,42, LULCCHRT ,-111,3,3,3000,763,15,15,15,0,0,0,0,0,0,0,2000,0,0,0,0,0,0,WEST
-121,42.5, LULCCHRT ,-111,1,1,3000,756,9,9,9,0,0,0,0,0,0,0,2000,0,0,0,0,0,0,WEST
-121,42.5, LULCCHRT ,-111,2,2,3000,756,13,13,13,0,0,0,0,0,0,0,2000,0,0,0,0,0,0,WEST
-121,42.5, LULCCHRT ,-111,3,3,3000,756,15,15,15,0,0,0,0,0,0,0,2000,0,0,0,0,0,0,WEST
-121,47, LULCCHRT ,-111,1,1,3000,699,9,9,9,0,0,0,0,0,0,0,2000,0,0,0,0,0,0,WEST
-121,47, LULCCHRT ,-111,2,2,3000,699,13,13,13,0,0,0,0,0,0,0,2000,0,0,0,0,0,0,WEST
-121,47, LULCCHRT ,-111,3,3,3000,699,15,15,15,0,0,0,0,0,0,0,2000,0,0,0,0,0,0,WEST
-121,47.5, LULCCHRT ,-111,1,1,3000,693,9,9,9,0,0,0,0,0,0,0,2000,0,0,0,0,0,0,WEST
-121,47.5, LULCCHRT ,-111,2,2,3000,693,13,13,13,0,0,0,0,0,0,0,2000,0,0,0,0,0,0,WEST
-121,47.5, LULCCHRT ,-111,3,3,3000,693,15,15,15,0,0,0,0,0,0,0,2000,0,0,0,0,0,0,WEST
-120.5,34.5, LULCCHRT ,-111,1,1,3000,846,33,33,33,0,0,0,0,0,0,0,2000,0,0,0,0,0,0,WEST
-120.5,34.5, LULCCHRT ,-111,2,2,3000,846,13,13,13,0,0,0,0,0,0,0,2000,0,0,0,0,0,0,WEST
-120.5,34.5, LULCCHRT ,-111,3,3,3000,846,15,15,15,0,0,0,0,0,0,0,2000,0,0,0,0,0,0,WEST
-120.5,35, LULCCHRT ,-111,1,1,3000,841,33,33,33,0,0,0,0,0,0,0,2000,0,0,0,0,0,0,WEST
-120.5,35, LULCCHRT ,-111,2,2,3000,841,13,13,13,0,0,0,0,0,0,0,2000,0,0,0,0,0,0,WEST
-120.5,35, LULCCHRT ,-111,3,3,3000,841,15,15,15,0,0,0,0,0,0,0,2000,0,0,0,0,0,0,WEST
-120.5,37.5, LULCCHRT ,-111,1,1,3000,815,33,33,33,0,0,0,0,0,0,0,2000,0,0,0,0,0,0,WEST
-120.5,37.5, LULCCHRT ,-111,2,2,3000,815,13,13,13,0,0,0,0,0,0,0,2000,0,0,0,0,0,0,WEST
-120.5,37.5, LULCCHRT ,-111,3,3,3000,815,15,15,15,0,0,0,0,0,0,0,2000,0,0,0,0,0,0,WEST
-120.5,38, LULCCHRT ,-111,1,1,3000,809,9,9,9,0,0,0,0,0,0,0,2000,0,0,0,0,0,0,WEST
-120.5,38, LULCCHRT ,-111,2,2,3000,809,13,13,13,0,0,0,0,0,0,0,2000,0,0,0,0,0,0,WEST
-120.5,38, LULCCHRT ,-111,3,3,3000,809,15,15,15,0,0,0,0,0,0,0,2000,0,0,0,0,0,0,WEST
-120.5,38.5, LULCCHRT ,-111,1,1,3000,803,9,9,9,0,0,0,0,0,0,0,2000,0,0,0,0,0,0,WEST
-120.5,38.5, LULCCHRT ,-111,2,2,3000,803,13,13,13,0,0,0,0,0,0,0,2000,0,0,0,0,0,0,WEST
-120.5,38.5, LULCCHRT ,-111,3,3,3000,803,15,15,15,0,0,0,0,0,0,0,2000,0,0,0,0,0,0,WEST
-120.5,39, LULCCHRT ,-111,1,1,3000,798,9,9,9,0,0,0,0,0,0,0,2000,0,0,0,0,0,0,WEST
-120.5,39, LULCCHRT ,-111,2,2,3000,798,13,13,13,0,0,0,0,0,0,0,2000,0,0,0,0,0,0,WEST
-120.5,39, LULCCHRT ,-111,3,3,3000,798,15,15,15,0,0,0,0,0,0,0,2000,0,0,0,0,0,0,WEST
-120.5,39.5, LULCCHRT ,-111,1,1,3000,792,9,9,9,0,0,0,0,0,0,0,2000,0,0,0,0,0,0,WEST
-120.5,39.5, LULCCHRT ,-111,2,2,3000,792,13,13,13,0,0,0,0,0,0,0,2000,0,0,0,0,0,0,WEST
-120.5,39.5, LULCCHRT ,-111,3,3,3000,792,15,15,15,0,0,0,0,0,0,0,2000,0,0,0,0,0,0,WEST
-120.5,44, LULCCHRT ,-111,1,1,3000,738,9,9,9,0,0,0,0,0,0,0,2000,0,0,0,0,0,0,WEST
-120.5,44, LULCCHRT ,-111,2,2,3000,738,13,13,13,0,0,0,0,0,0,0,2000,0,0,0,0,0,0,WEST
-120.5,44, LULCCHRT ,-111,3,3,3000,738,15,15,15,0,0,0,0,0,0,0,2000,0,0,0,0,0,0,WEST
-120.5,47.5, LULCCHRT ,-111,1,1,3000,693,9,9,9,0,0,0,0,0,0,0,2000,0,0,0,0,0,0,WEST
-120.5,47.5, LULCCHRT ,-111,2,2,3000,693,13,13,13,0,0,0,0,0,0,0,2000,0,0,0,0,0,0,WEST
-120.5,47.5, LULCCHRT ,-111,3,3,3000,693,15,15,15,0,0,0,0,0,0,0,2000,0,0,0,0,0,0,WEST
-120.5,48, LULCCHRT ,-111,1,1,3000,686,9,9,9,0,0,0,0,0,0,0,2000,0,0,0,0,0,0,WEST
-120.5,48, LULCCHRT ,-111,2,2,3000,686,13,13,13,0,0,0,0,0,0,0,2000,0,0,0,0,0,0,WEST
-120.5,48, LULCCHRT ,-111,3,3,3000,686,15,15,15,0,0,0,0,0,0,0,2000,0,0,0,0,0,0,WEST
-120.5,48.5, LULCCHRT ,-111,1,1,3000,679,9,9,9,0,0,0,0,0,0,0,2000,0,0,0,0,0,0,WEST
-120.5,48.5, LULCCHRT ,-111,2,2,3000,679,13,13,13,0,0,0,0,0,0,0,2000,0,0,0,0,0,0,WEST
-120.5,48.5, LULCCHRT ,-111,3,3,3000,679,15,15,15,0,0,0,0,0,0,0,2000,0,0,0,0,0,0,WEST
-120,37, LULCCHRT ,-111,1,1,3000,820,33,33,33,0,0,0,0,0,0,0,2000,0,0,0,0,0,0,WEST
-120,37, LULCCHRT ,-111,2,2,3000,820,13,13,13,0,0,0,0,0,0,0,2000,0,0,0,0,0,0,WEST
-120,37, LULCCHRT ,-111,3,3,3000,820,15,15,15,0,0,0,0,0,0,0,2000,0,0,0,0,0,0,WEST
-120,37.5, LULCCHRT ,-111,1,1,3000,815,9,9,9,0,0,0,0,0,0,0,2000,0,0,0,0,0,0,WEST
-120,37.5, LULCCHRT ,-111,2,2,3000,815,13,13,13,0,0,0,0,0,0,0,2000,0,0,0,0,0,0,WEST
-120,37.5, LULCCHRT ,-111,3,3,3000,815,15,15,15,0,0,0,0,0,0,0,2000,0,0,0,0,0,0,WEST
-120,38, LULCCHRT ,-111,1,1,3000,809,9,9,9,0,0,0,0,0,0,0,2000,0,0,0,0,0,0,WEST
-120,38, LULCCHRT ,-111,2,2,3000,809,13,13,13,0,0,0,0,0,0,0,2000,0,0,0,0,0,0,WEST
-120,38, LULCCHRT ,-111,3,3,3000,809,15,15,15,0,0,0,0,0,0,0,2000,0,0,0,0,0,0,WEST
-120,38.5, LULCCHRT ,-111,1,1,3000,803,9,9,9,0,0,0,0,0,0,0,2000,0,0,0,0,0,0,WEST
-120,38.5, LULCCHRT ,-111,2,2,3000,803,13,13,13,0,0,0,0,0,0,0,2000,0,0,0,0,0,0,WEST
-120,38.5, LULCCHRT ,-111,3,3,3000,803,15,15,15,0,0,0,0,0,0,0,2000,0,0,0,0,0,0,WEST
-120,48.5, LULCCHRT ,-111,1,1,3000,679,9,9,9,0,0,0,0,0,0,0,2000,0,0,0,0,0,0,WEST
-120,48.5, LULCCHRT ,-111,2,2,3000,679,13,13,13,0,0,0,0,0,0,0,2000,0,0,0,0,0,0,WEST
-120,48.5, LULCCHRT ,-111,3,3,3000,679,15,15,15,0,0,0,0,0,0,0,2000,0,0,0,0,0,0,WEST
-119.5,36, LULCCHRT ,-111,1,1,3000,831,33,33,33,0,0,0,0,0,0,0,2000,0,0,0,0,0,0,WEST
-119.5,36, LULCCHRT ,-111,2,2,3000,831,13,13,13,0,0,0,0,0,0,0,2000,0,0,0,0,0,0,WEST
-119.5,36, LULCCHRT ,-111,3,3,3000,831,15,15,15,0,0,0,0,0,0,0,2000,0,0,0,0,0,0,WEST
-119.5,36.5, LULCCHRT ,-111,1,1,3000,825,33,33,33,0,0,0,0,0,0,0,2000,0,0,0,0,0,0,WEST
-119.5,36.5, LULCCHRT ,-111,2,2,3000,825,13,13,13,0,0,0,0,0,0,0,2000,0,0,0,0,0,0,WEST
-119.5,36.5, LULCCHRT ,-111,3,3,3000,825,15,15,15,0,0,0,0,0,0,0,2000,0,0,0,0,0,0,WEST
-119.5,37, LULCCHRT ,-111,1,1,3000,820,9,9,9,0,0,0,0,0,0,0,2000,0,0,0,0,0,0,WEST
-119.5,37, LULCCHRT ,-111,2,2,3000,820,13,13,13,0,0,0,0,0,0,0,2000,0,0,0,0,0,0,WEST
-119.5,37, LULCCHRT ,-111,3,3,3000,820,15,15,15,0,0,0,0,0,0,0,2000,0,0,0,0,0,0,WEST
-119.5,37.5, LULCCHRT ,-111,1,1,3000,815,9,9,9,0,0,0,0,0,0,0,2000,0,0,0,0,0,0,WEST
-119.5,37.5, LULCCHRT ,-111,2,2,3000,815,13,13,13,0,0,0,0,0,0,0,2000,0,0,0,0,0,0,WEST
-119.5,37.5, LULCCHRT ,-111,3,3,3000,815,15,15,15,0,0,0,0,0,0,0,2000,0,0,0,0,0,0,WEST
-119.5,43.5, LULCCHRT ,-111,1,1,3000,744,9,9,9,0,0,0,0,0,0,0,2000,0,0,0,0,0,0,WEST
-119.5,43.5, LULCCHRT ,-111,2,2,3000,744,13,13,13,0,0,0,0,0,0,0,2000,0,0,0,0,0,0,WEST
-119.5,43.5, LULCCHRT ,-111,3,3,3000,744,15,15,15,0,0,0,0,0,0,0,2000,0,0,0,0,0,0,WEST
-119.5,44, LULCCHRT ,-111,1,1,3000,738,9,9,9,0,0,0,0,0,0,0,2000,0,0,0,0,0,0,WEST
-119.5,44, LULCCHRT ,-111,2,2,3000,738,13,13,13,0,0,0,0,0,0,0,2000,0,0,0,0,0,0,WEST
-119.5,44, LULCCHRT ,-111,3,3,3000,738,15,15,15,0,0,0,0,0,0,0,2000,0,0,0,0,0,0,WEST
-119.5,44.5, LULCCHRT ,-111,1,1,3000,732,9,9,9,0,0,0,0,0,0,0,2000,0,0,0,0,0,0,WEST
-119.5,44.5, LULCCHRT ,-111,2,2,3000,732,13,13,13,0,0,0,0,0,0,0,2000,0,0,0,0,0,0,WEST
-119.5,44.5, LULCCHRT ,-111,3,3,3000,732,15,15,15,0,0,0,0,0,0,0,2000,0,0,0,0,0,0,WEST
-119,35.5, LULCCHRT ,-111,1,1,3000,836,33,33,33,0,0,0,0,0,0,0,2000,0,0,0,0,0,0,WEST
-119,35.5, LULCCHRT ,-111,2,2,3000,836,13,13,13,0,0,0,0,0,0,0,2000,0,0,0,0,0,0,WEST
-119,35.5, LULCCHRT ,-111,3,3,3000,836,15,15,15,0,0,0,0,0,0,0,2000,0,0,0,0,0,0,WEST
-119,36, LULCCHRT ,-111,1,1,3000,831,33,33,33,0,0,0,0,0,0,0,2000,0,0,0,0,0,0,WEST
-119,36, LULCCHRT ,-111,2,2,3000,831,13,13,13,0,0,0,0,0,0,0,2000,0,0,0,0,0,0,WEST
-119,36, LULCCHRT ,-111,3,3,3000,831,15,15,15,0,0,0,0,0,0,0,2000,0,0,0,0,0,0,WEST
-119,36.5, LULCCHRT ,-111,1,1,3000,825,9,9,9,0,0,0,0,0,0,0,2000,0,0,0,0,0,0,WEST
-119,36.5, LULCCHRT ,-111,2,2,3000,825,13,13,13,0,0,0,0,0,0,0,2000,0,0,0,0,0,0,WEST
-119,36.5, LULCCHRT ,-111,3,3,3000,825,15,15,15,0,0,0,0,0,0,0,2000,0,0,0,0,0,0,WEST
-119,37, LULCCHRT ,-111,1,1,3000,820,9,9,9,0,0,0,0,0,0,0,2000,0,0,0,0,0,0,WEST
-119,37, LULCCHRT ,-111,2,2,3000,820,13,13,13,0,0,0,0,0,0,0,2000,0,0,0,0,0,0,WEST
-119,37, LULCCHRT ,-111,3,3,3000,820,15,15,15,0,0,0,0,0,0,0,2000,0,0,0,0,0,0,WEST
-119,44, LULCCHRT ,-111,1,1,3000,738,9,9,9,0,0,0,0,0,0,0,2000,0,0,0,0,0,0,WEST
-119,44, LULCCHRT ,-111,2,2,3000,738,13,13,13,0,0,0,0,0,0,0,2000,0,0,0,0,0,0,WEST
-119,44, LULCCHRT ,-111,3,3,3000,738,15,15,15,0,0,0,0,0,0,0,2000,0,0,0,0,0,0,WEST
-119,44.5, LULCCHRT ,-111,1,1,3000,732,9,9,9,0,0,0,0,0,0,0,2000,0,0,0,0,0,0,WEST
-119,44.5, LULCCHRT ,-111,2,2,3000,732,13,13,13,0,0,0,0,0,0,0,2000,0,0,0,0,0,0,WEST
-119,44.5, LULCCHRT ,-111,3,3,3000,732,15,15,15,0,0,0,0,0,0,0,2000,0,0,0,0,0,0,WEST
-119,45, LULCCHRT ,-111,1,1,3000,725,9,9,9,0,0,0,0,0,0,0,2000,0,0,0,0,0,0,WEST
-119,45, LULCCHRT ,-111,2,2,3000,725,13,13,13,0,0,0,0,0,0,0,2000,0,0,0,0,0,0,WEST
-119,45, LULCCHRT ,-111,3,3,3000,725,15,15,15,0,0,0,0,0,0,0,2000,0,0,0,0,0,0,WEST
-119,48, LULCCHRT ,-111,1,1,3000,686,9,9,9,0,0,0,0,0,0,0,2000,0,0,0,0,0,0,WEST
-119,48, LULCCHRT ,-111,2,2,3000,686,13,13,13,0,0,0,0,0,0,0,2000,0,0,0,0,0,0,WEST
-119,48, LULCCHRT ,-111,3,3,3000,686,15,15,15,0,0,0,0,0,0,0,2000,0,0,0,0,0,0,WEST
-119,48.5, LULCCHRT ,-111,1,1,3000,679,9,9,9,0,0,0,0,0,0,0,2000,0,0,0,0,0,0,WEST
-119,48.5, LULCCHRT ,-111,2,2,3000,679,13,13,13,0,0,0,0,0,0,0,2000,0,0,0,0,0,0,WEST
-119,48.5, LULCCHRT ,-111,3,3,3000,679,15,15,15,0,0,0,0,0,0,0,2000,0,0,0,0,0,0,WEST
-118.5,36, LULCCHRT ,-111,1,1,3000,831,9,9,9,0,0,0,0,0,0,0,2000,0,0,0,0,0,0,WEST
-118.5,36, LULCCHRT ,-111,2,2,3000,831,13,13,13,0,0,0,0,0,0,0,2000,0,0,0,0,0,0,WEST
-118.5,36, LULCCHRT ,-111,3,3,3000,831,15,15,15,0,0,0,0,0,0,0,2000,0,0,0,0,0,0,WEST
-118.5,44.5, LULCCHRT ,-111,1,1,3000,732,9,9,9,0,0,0,0,0,0,0,2000,0,0,0,0,0,0,WEST
-118.5,44.5, LULCCHRT ,-111,2,2,3000,732,13,13,13,0,0,0,0,0,0,0,2000,0,0,0,0,0,0,WEST
-118.5,44.5, LULCCHRT ,-111,3,3,3000,732,15,15,15,0,0,0,0,0,0,0,2000,0,0,0,0,0,0,WEST
-118.5,45, LULCCHRT ,-111,1,1,3000,725,9,9,9,0,0,0,0,0,0,0,2000,0,0,0,0,0,0,WEST
-118.5,45, LULCCHRT ,-111,2,2,3000,725,13,13,13,0,0,0,0,0,0,0,2000,0,0,0,0,0,0,WEST
-118.5,45, LULCCHRT ,-111,3,3,3000,725,15,15,15,0,0,0,0,0,0,0,2000,0,0,0,0,0,0,WEST
-118.5,48, LULCCHRT ,-111,1,1,3000,686,9,9,9,0,0,0,0,0,0,0,2000,0,0,0,0,0,0,WEST
-118.5,48, LULCCHRT ,-111,2,2,3000,686,13,13,13,0,0,0,0,0,0,0,2000,0,0,0,0,0,0,WEST
-118.5,48, LULCCHRT ,-111,3,3,3000,686,15,15,15,0,0,0,0,0,0,0,2000,0,0,0,0,0,0,WEST
-118.5,48.5, LULCCHRT ,-111,1,1,3000,679,9,9,9,0,0,0,0,0,0,0,2000,0,0,0,0,0,0,WEST
-118.5,48.5, LULCCHRT ,-111,2,2,3000,679,13,13,13,0,0,0,0,0,0,0,2000,0,0,0,0,0,0,WEST
-118.5,48.5, LULCCHRT ,-111,3,3,3000,679,15,15,15,0,0,0,0,0,0,0,2000,0,0,0,0,0,0,WEST
-118,45, LULCCHRT ,-111,1,1,3000,725,9,9,9,0,0,0,0,0,0,0,2000,0,0,0,0,0,0,WEST
-118,45, LULCCHRT ,-111,2,2,3000,725,13,13,13,0,0,0,0,0,0,0,2000,0,0,0,0,0,0,WEST
-118,45, LULCCHRT ,-111,3,3,3000,725,15,15,15,0,0,0,0,0,0,0,2000,0,0,0,0,0,0,WEST
-118,45.5, LULCCHRT ,-111,1,1,3000,719,9,9,9,0,0,0,0,0,0,0,2000,0,0,0,0,0,0,WEST
-118,45.5, LULCCHRT ,-111,2,2,3000,719,13,13,13,0,0,0,0,0,0,0,2000,0,0,0,0,0,0,WEST
-118,45.5, LULCCHRT ,-111,3,3,3000,719,15,15,15,0,0,0,0,0,0,0,2000,0,0,0,0,0,0,WEST
-118,46, LULCCHRT ,-111,1,1,3000,712,9,9,9,0,0,0,0,0,0,0,2000,0,0,0,0,0,0,WEST
-118,46, LULCCHRT ,-111,2,2,3000,712,13,13,13,0,0,0,0,0,0,0,2000,0,0,0,0,0,0,WEST
-118,46, LULCCHRT ,-111,3,3,3000,712,15,15,15,0,0,0,0,0,0,0,2000,0,0,0,0,0,0,WEST
-118,48, LULCCHRT ,-111,1,1,3000,686,9,9,9,0,0,0,0,0,0,0,2000,0,0,0,0,0,0,WEST
-118,48, LULCCHRT ,-111,2,2,3000,686,13,13,13,0,0,0,0,0,0,0,2000,0,0,0,0,0,0,WEST
-118,48, LULCCHRT ,-111,3,3,3000,686,15,15,15,0,0,0,0,0,0,0,2000,0,0,0,0,0,0,WEST
-118,48.5, LULCCHRT ,-111,1,1,3000,679,9,9,9,0,0,0,0,0,0,0,2000,0,0,0,0,0,0,WEST
-118,48.5, LULCCHRT ,-111,2,2,3000,679,13,13,13,0,0,0,0,0,0,0,2000,0,0,0,0,0,0,WEST
-118,48.5, LULCCHRT ,-111,3,3,3000,679,15,15,15,0,0,0,0,0,0,0,2000,0,0,0,0,0,0,WEST
-117.5,45, LULCCHRT ,-111,1,1,3000,725,4,4,4,0,0,0,0,0,0,0,2000,0,0,0,0,0,0,WEST
-117.5,45, LULCCHRT ,-111,2,2,3000,725,13,13,13,0,0,0,0,0,0,0,2000,0,0,0,0,0,0,WEST
-117.5,45, LULCCHRT ,-111,3,3,3000,725,15,15,15,0,0,0,0,0,0,0,2000,0,0,0,0,0,0,WEST
-117.5,45.5, LULCCHRT ,-111,1,1,3000,719,9,9,9,0,0,0,0,0,0,0,2000,0,0,0,0,0,0,WEST
-117.5,45.5, LULCCHRT ,-111,2,2,3000,719,13,13,13,0,0,0,0,0,0,0,2000,0,0,0,0,0,0,WEST
-117.5,45.5, LULCCHRT ,-111,3,3,3000,719,15,15,15,0,0,0,0,0,0,0,2000,0,0,0,0,0,0,WEST
-117.5,47.5, LULCCHRT ,-111,1,1,3000,693,9,9,9,0,0,0,0,0,0,0,2000,0,0,0,0,0,0,WEST
-117.5,47.5, LULCCHRT ,-111,2,2,3000,693,13,13,13,0,0,0,0,0,0,0,2000,0,0,0,0,0,0,WEST
-117.5,47.5, LULCCHRT ,-111,3,3,3000,693,15,15,15,0,0,0,0,0,0,0,2000,0,0,0,0,0,0,WEST
-117.5,48, LULCCHRT ,-111,1,1,3000,686,9,9,9,0,0,0,0,0,0,0,2000,0,0,0,0,0,0,WEST
-117.5,48, LULCCHRT ,-111,2,2,3000,686,13,13,13,0,0,0,0,0,0,0,2000,0,0,0,0,0,0,WEST
-117.5,48, LULCCHRT ,-111,3,3,3000,686,15,15,15,0,0,0,0,0,0,0,2000,0,0,0,0,0,0,WEST
-117.5,48.5, LULCCHRT ,-111,1,1,3000,679,9,9,9,0,0,0,0,0,0,0,2000,0,0,0,0,0,0,WEST
-117.5,48.5, LULCCHRT ,-111,2,2,3000,679,13,13,13,0,0,0,0,0,0,0,2000,0,0,0,0,0,0,WEST
-117.5,48.5, LULCCHRT ,-111,3,3,3000,679,15,15,15,0,0,0,0,0,0,0,2000,0,0,0,0,0,0,WEST
-117,34, LULCCHRT ,-111,1,1,3000,852,9,9,9,0,0,0,0,0,0,0,2000,0,0,0,0,0,0,WEST
-117,34, LULCCHRT ,-111,2,2,3000,852,13,13,13,0,0,0,0,0,0,0,2000,0,0,0,0,0,0,WEST
-117,34, LULCCHRT ,-111,3,3,3000,852,15,15,15,0,0,0,0,0,0,0,2000,0,0,0,0,0,0,WEST
-117,45, LULCCHRT ,-111,1,1,3000,725,9,9,9,0,0,0,0,0,0,0,2000,0,0,0,0,0,0,WEST
-117,45, LULCCHRT ,-111,2,2,3000,725,13,13,13,0,0,0,0,0,0,0,2000,0,0,0,0,0,0,WEST
-117,45, LULCCHRT ,-111,3,3,3000,725,15,15,15,0,0,0,0,0,0,0,2000,0,0,0,0,0,0,WEST
-117,47, LULCCHRT ,-111,1,1,3000,699,9,9,9,0,0,0,0,0,0,0,2000,0,0,0,0,0,0,WEST
-117,47, LULCCHRT ,-111,2,2,3000,699,13,13,13,0,0,0,0,0,0,0,2000,0,0,0,0,0,0,WEST
-117,47, LULCCHRT ,-111,3,3,3000,699,15,15,15,0,0,0,0,0,0,0,2000,0,0,0,0,0,0,WEST
-117,47.5, LULCCHRT ,-111,1,1,3000,693,9,9,9,0,0,0,0,0,0,0,2000,0,0,0,0,0,0,WEST
-117,47.5, LULCCHRT ,-111,2,2,3000,693,13,13,13,0,0,0,0,0,0,0,2000,0,0,0,0,0,0,WEST
-117,47.5, LULCCHRT ,-111,3,3,3000,693,15,15,15,0,0,0,0,0,0,0,2000,0,0,0,0,0,0,WEST
-117,48, LULCCHRT ,-111,1,1,3000,686,9,9,9,0,0,0,0,0,0,0,2000,0,0,0,0,0,0,WEST
-117,48, LULCCHRT ,-111,2,2,3000,686,13,13,13,0,0,0,0,0,0,0,2000,0,0,0,0,0,0,WEST
-117,48, LULCCHRT ,-111,3,3,3000,686,15,15,15,0,0,0,0,0,0,0,2000,0,0,0,0,0,0,WEST
-117,48.5, LULCCHRT ,-111,1,1,3000,679,9,9,9,0,0,0,0,0,0,0,2000,0,0,0,0,0,0,WEST
-117,48.5, LULCCHRT ,-111,2,2,3000,679,13,13,13,0,0,0,0,0,0,0,2000,0,0,0,0,0,0,WEST
-117,48.5, LULCCHRT ,-111,3,3,3000,679,15,15,15,0,0,0,0,0,0,0,2000,0,0,0,0,0,0,WEST
-116.5,44.5, LULCCHRT ,-111,1,1,3000,732,9,9,9,0,0,0,0,0,0,0,2000,0,0,0,0,0,0,WEST
-116.5,44.5, LULCCHRT ,-111,2,2,3000,732,13,13,13,0,0,0,0,0,0,0,2000,0,0,0,0,0,0,WEST
-116.5,44.5, LULCCHRT ,-111,3,3,3000,732,15,15,15,0,0,0,0,0,0,0,2000,0,0,0,0,0,0,WEST
-116.5,45, LULCCHRT ,-111,1,1,3000,725,9,9,9,0,0,0,0,0,0,0,2000,0,0,0,0,0,0,WEST
-116.5,45, LULCCHRT ,-111,2,2,3000,725,13,13,13,0,0,0,0,0,0,0,2000,0,0,0,0,0,0,WEST
-116.5,45, LULCCHRT ,-111,3,3,3000,725,15,15,15,0,0,0,0,0,0,0,2000,0,0,0,0,0,0,WEST
-116.5,45.5, LULCCHRT ,-111,1,1,3000,719,9,9,9,0,0,0,0,0,0,0,2000,0,0,0,0,0,0,WEST
-116.5,45.5, LULCCHRT ,-111,2,2,3000,719,13,13,13,0,0,0,0,0,0,0,2000,0,0,0,0,0,0,WEST
-116.5,45.5, LULCCHRT ,-111,3,3,3000,719,15,15,15,0,0,0,0,0,0,0,2000,0,0,0,0,0,0,WEST
-116.5,46.5, LULCCHRT ,-111,1,1,3000,706,9,9,9,0,0,0,0,0,0,0,2000,0,0,0,0,0,0,WEST
-116.5,46.5, LULCCHRT ,-111,2,2,3000,706,13,13,13,0,0,0,0,0,0,0,2000,0,0,0,0,0,0,WEST
-116.5,46.5, LULCCHRT ,-111,3,3,3000,706,15,15,15,0,0,0,0,0,0,0,2000,0,0,0,0,0,0,WEST
-116.5,47, LULCCHRT ,-111,1,1,3000,699,9,9,9,0,0,0,0,0,0,0,2000,0,0,0,0,0,0,WEST
-116.5,47, LULCCHRT ,-111,2,2,3000,699,13,13,13,0,0,0,0,0,0,0,2000,0,0,0,0,0,0,WEST
-116.5,47, LULCCHRT ,-111,3,3,3000,699,15,15,15,0,0,0,0,0,0,0,2000,0,0,0,0,0,0,WEST
-116.5,47.5, LULCCHRT ,-111,1,1,3000,693,9,9,9,0,0,0,0,0,0,0,2000,0,0,0,0,0,0,WEST
-116.5,47.5, LULCCHRT ,-111,2,2,3000,693,13,13,13,0,0,0,0,0,0,0,2000,0,0,0,0,0,0,WEST
-116.5,47.5, LULCCHRT ,-111,3,3,3000,693,15,15,15,0,0,0,0,0,0,0,2000,0,0,0,0,0,0,WEST
-116.5,48, LULCCHRT ,-111,1,1,3000,686,9,9,9,0,0,0,0,0,0,0,2000,0,0,0,0,0,0,WEST
-116.5,48, LULCCHRT ,-111,2,2,3000,686,13,13,13,0,0,0,0,0,0,0,2000,0,0,0,0,0,0,WEST
-116.5,48, LULCCHRT ,-111,3,3,3000,686,15,15,15,0,0,0,0,0,0,0,2000,0,0,0,0,0,0,WEST
-116.5,48.5, LULCCHRT ,-111,1,1,3000,679,9,9,9,0,0,0,0,0,0,0,2000,0,0,0,0,0,0,WEST
-116.5,48.5, LULCCHRT ,-111,2,2,3000,679,13,13,13,0,0,0,0,0,0,0,2000,0,0,0,0,0,0,WEST
-116.5,48.5, LULCCHRT ,-111,3,3,3000,679,15,15,15,0,0,0,0,0,0,0,2000,0,0,0,0,0,0,WEST
-116,43.5, LULCCHRT ,-111,1,1,3000,744,9,9,9,0,0,0,0,0,0,0,2000,0,0,0,0,0,0,WEST
-116,43.5, LULCCHRT ,-111,2,2,3000,744,13,13,13,0,0,0,0,0,0,0,2000,0,0,0,0,0,0,WEST
-116,43.5, LULCCHRT ,-111,3,3,3000,744,15,15,15,0,0,0,0,0,0,0,2000,0,0,0,0,0,0,WEST
-116,44, LULCCHRT ,-111,1,1,3000,738,9,9,9,0,0,0,0,0,0,0,2000,0,0,0,0,0,0,WEST
-116,44, LULCCHRT ,-111,2,2,3000,738,13,13,13,0,0,0,0,0,0,0,2000,0,0,0,0,0,0,WEST
-116,44, LULCCHRT ,-111,3,3,3000,738,15,15,15,0,0,0,0,0,0,0,2000,0,0,0,0,0,0,WEST
-116,44.5, LULCCHRT ,-111,1,1,3000,732,9,9,9,0,0,0,0,0,0,0,2000,0,0,0,0,0,0,WEST
-116,44.5, LULCCHRT ,-111,2,2,3000,732,13,13,13,0,0,0,0,0,0,0,2000,0,0,0,0,0,0,WEST
-116,44.5, LULCCHRT ,-111,3,3,3000,732,15,15,15,0,0,0,0,0,0,0,2000,0,0,0,0,0,0,WEST
-116,45, LULCCHRT ,-111,1,1,3000,725,9,9,9,0,0,0,0,0,0,0,2000,0,0,0,0,0,0,WEST
-116,45, LULCCHRT ,-111,2,2,3000,725,13,13,13,0,0,0,0,0,0,0,2000,0,0,0,0,0,0,WEST
-116,45, LULCCHRT ,-111,3,3,3000,725,15,15,15,0,0,0,0,0,0,0,2000,0,0,0,0,0,0,WEST
-116,45.5, LULCCHRT ,-111,1,1,3000,719,9,9,9,0,0,0,0,0,0,0,2000,0,0,0,0,0,0,WEST
-116,45.5, LULCCHRT ,-111,2,2,3000,719,13,13,13,0,0,0,0,0,0,0,2000,0,0,0,0,0,0,WEST
-116,45.5, LULCCHRT ,-111,3,3,3000,719,15,15,15,0,0,0,0,0,0,0,2000,0,0,0,0,0,0,WEST
-116,46, LULCCHRT ,-111,1,1,3000,712,9,9,9,0,0,0,0,0,0,0,2000,0,0,0,0,0,0,WEST
-116,46, LULCCHRT ,-111,2,2,3000,712,13,13,13,0,0,0,0,0,0,0,2000,0,0,0,0,0,0,WEST
-116,46, LULCCHRT ,-111,3,3,3000,712,15,15,15,0,0,0,0,0,0,0,2000,0,0,0,0,0,0,WEST
-116,46.5, LULCCHRT ,-111,1,1,3000,706,9,9,9,0,0,0,0,0,0,0,2000,0,0,0,0,0,0,WEST
-116,46.5, LULCCHRT ,-111,2,2,3000,706,13,13,13,0,0,0,0,0,0,0,2000,0,0,0,0,0,0,WEST
-116,46.5, LULCCHRT ,-111,3,3,3000,706,15,15,15,0,0,0,0,0,0,0,2000,0,0,0,0,0,0,WEST
-116,47, LULCCHRT ,-111,1,1,3000,699,9,9,9,0,0,0,0,0,0,0,2000,0,0,0,0,0,0,WEST
-116,47, LULCCHRT ,-111,2,2,3000,699,13,13,13,0,0,0,0,0,0,0,2000,0,0,0,0,0,0,WEST
-116,47, LULCCHRT ,-111,3,3,3000,699,15,15,15,0,0,0,0,0,0,0,2000,0,0,0,0,0,0,WEST
-116,47.5, LULCCHRT ,-111,1,1,3000,693,9,9,9,0,0,0,0,0,0,0,2000,0,0,0,0,0,0,WEST
-116,47.5, LULCCHRT ,-111,2,2,3000,693,13,13,13,0,0,0,0,0,0,0,2000,0,0,0,0,0,0,WEST
-116,47.5, LULCCHRT ,-111,3,3,3000,693,15,15,15,0,0,0,0,0,0,0,2000,0,0,0,0,0,0,WEST
-116,48, LULCCHRT ,-111,1,1,3000,686,9,9,9,0,0,0,0,0,0,0,2000,0,0,0,0,0,0,WEST
-116,48, LULCCHRT ,-111,2,2,3000,686,13,13,13,0,0,0,0,0,0,0,2000,0,0,0,0,0,0,WEST
-116,48, LULCCHRT ,-111,3,3,3000,686,15,15,15,0,0,0,0,0,0,0,2000,0,0,0,0,0,0,WEST
-116,48.5, LULCCHRT ,-111,1,1,3000,679,9,9,9,0,0,0,0,0,0,0,2000,0,0,0,0,0,0,WEST
-116,48.5, LULCCHRT ,-111,2,2,3000,679,13,13,13,0,0,0,0,0,0,0,2000,0,0,0,0,0,0,WEST
-116,48.5, LULCCHRT ,-111,3,3,3000,679,15,15,15,0,0,0,0,0,0,0,2000,0,0,0,0,0,0,WEST
-115.5,43.5, LULCCHRT ,-111,1,1,3000,744,9,9,9,0,0,0,0,0,0,0,2000,0,0,0,0,0,0,WEST
-115.5,43.5, LULCCHRT ,-111,2,2,3000,744,13,13,13,0,0,0,0,0,0,0,2000,0,0,0,0,0,0,WEST
-115.5,43.5, LULCCHRT ,-111,3,3,3000,744,15,15,15,0,0,0,0,0,0,0,2000,0,0,0,0,0,0,WEST
-115.5,44, LULCCHRT ,-111,1,1,3000,738,9,9,9,0,0,0,0,0,0,0,2000,0,0,0,0,0,0,WEST
-115.5,44, LULCCHRT ,-111,2,2,3000,738,13,13,13,0,0,0,0,0,0,0,2000,0,0,0,0,0,0,WEST
-115.5,44, LULCCHRT ,-111,3,3,3000,738,15,15,15,0,0,0,0,0,0,0,2000,0,0,0,0,0,0,WEST
-115.5,44.5, LULCCHRT ,-111,1,1,3000,732,9,9,9,0,0,0,0,0,0,0,2000,0,0,0,0,0,0,WEST
-115.5,44.5, LULCCHRT ,-111,2,2,3000,732,13,13,13,0,0,0,0,0,0,0,2000,0,0,0,0,0,0,WEST
-115.5,44.5, LULCCHRT ,-111,3,3,3000,732,15,15,15,0,0,0,0,0,0,0,2000,0,0,0,0,0,0,WEST
-115.5,45, LULCCHRT ,-111,1,1,3000,725,9,9,9,0,0,0,0,0,0,0,2000,0,0,0,0,0,0,WEST
-115.5,45, LULCCHRT ,-111,2,2,3000,725,13,13,13,0,0,0,0,0,0,0,2000,0,0,0,0,0,0,WEST
-115.5,45, LULCCHRT ,-111,3,3,3000,725,15,15,15,0,0,0,0,0,0,0,2000,0,0,0,0,0,0,WEST
-115.5,45.5, LULCCHRT ,-111,1,1,3000,719,9,9,9,0,0,0,0,0,0,0,2000,0,0,0,0,0,0,WEST
-115.5,45.5, LULCCHRT ,-111,2,2,3000,719,13,13,13,0,0,0,0,0,0,0,2000,0,0,0,0,0,0,WEST
-115.5,45.5, LULCCHRT ,-111,3,3,3000,719,15,15,15,0,0,0,0,0,0,0,2000,0,0,0,0,0,0,WEST
-115.5,46, LULCCHRT ,-111,1,1,3000,712,4,4,4,0,0,0,0,0,0,0,2000,0,0,0,0,0,0,WEST
-115.5,46, LULCCHRT ,-111,2,2,3000,712,13,13,13,0,0,0,0,0,0,0,2000,0,0,0,0,0,0,WEST
-115.5,46, LULCCHRT ,-111,3,3,3000,712,15,15,15,0,0,0,0,0,0,0,2000,0,0,0,0,0,0,WEST
-115.5,46.5, LULCCHRT ,-111,1,1,3000,706,9,9,9,0,0,0,0,0,0,0,2000,0,0,0,0,0,0,WEST
-115.5,46.5, LULCCHRT ,-111,2,2,3000,706,13,13,13,0,0,0,0,0,0,0,2000,0,0,0,0,0,0,WEST
-115.5,46.5, LULCCHRT ,-111,3,3,3000,706,15,15,15,0,0,0,0,0,0,0,2000,0,0,0,0,0,0,WEST
-115.5,47, LULCCHRT ,-111,1,1,3000,699,9,9,9,0,0,0,0,0,0,0,2000,0,0,0,0,0,0,WEST
-115.5,47, LULCCHRT ,-111,2,2,3000,699,13,13,13,0,0,0,0,0,0,0,2000,0,0,0,0,0,0,WEST
-115.5,47, LULCCHRT ,-111,3,3,3000,699,15,15,15,0,0,0,0,0,0,0,2000,0,0,0,0,0,0,WEST
-115.5,47.5, LULCCHRT ,-111,1,1,3000,693,9,9,9,0,0,0,0,0,0,0,2000,0,0,0,0,0,0,WEST
-115.5,47.5, LULCCHRT ,-111,2,2,3000,693,13,13,13,0,0,0,0,0,0,0,2000,0,0,0,0,0,0,WEST
-115.5,47.5, LULCCHRT ,-111,3,3,3000,693,15,15,15,0,0,0,0,0,0,0,2000,0,0,0,0,0,0,WEST
-115.5,48, LULCCHRT ,-111,1,1,3000,686,9,9,9,0,0,0,0,0,0,0,2000,0,0,0,0,0,0,WEST
-115.5,48, LULCCHRT ,-111,2,2,3000,686,13,13,13,0,0,0,0,0,0,0,2000,0,0,0,0,0,0,WEST
-115.5,48, LULCCHRT ,-111,3,3,3000,686,15,15,15,0,0,0,0,0,0,0,2000,0,0,0,0,0,0,WEST
-115.5,48.5, LULCCHRT ,-111,1,1,3000,679,9,9,9,0,0,0,0,0,0,0,2000,0,0,0,0,0,0,WEST
-115.5,48.5, LULCCHRT ,-111,2,2,3000,679,13,13,13,0,0,0,0,0,0,0,2000,0,0,0,0,0,0,WEST
-115.5,48.5, LULCCHRT ,-111,3,3,3000,679,15,15,15,0,0,0,0,0,0,0,2000,0,0,0,0,0,0,WEST
-115,43.5, LULCCHRT ,-111,1,1,3000,744,4,4,4,0,0,0,0,0,0,0,2000,0,0,0,0,0,0,WEST
-115,43.5, LULCCHRT ,-111,2,2,3000,744,13,13,13,0,0,0,0,0,0,0,2000,0,0,0,0,0,0,WEST
-115,43.5, LULCCHRT ,-111,3,3,3000,744,15,15,15,0,0,0,0,0,0,0,2000,0,0,0,0,0,0,WEST
-115,44, LULCCHRT ,-111,1,1,3000,738,9,9,9,0,0,0,0,0,0,0,2000,0,0,0,0,0,0,WEST
-115,44, LULCCHRT ,-111,2,2,3000,738,13,13,13,0,0,0,0,0,0,0,2000,0,0,0,0,0,0,WEST
-115,44, LULCCHRT ,-111,3,3,3000,738,15,15,15,0,0,0,0,0,0,0,2000,0,0,0,0,0,0,WEST
-115,44.5, LULCCHRT ,-111,1,1,3000,732,9,9,9,0,0,0,0,0,0,0,2000,0,0,0,0,0,0,WEST
-115,44.5, LULCCHRT ,-111,2,2,3000,732,13,13,13,0,0,0,0,0,0,0,2000,0,0,0,0,0,0,WEST
-115,44.5, LULCCHRT ,-111,3,3,3000,732,15,15,15,0,0,0,0,0,0,0,2000,0,0,0,0,0,0,WEST
-115,45, LULCCHRT ,-111,1,1,3000,725,9,9,9,0,0,0,0,0,0,0,2000,0,0,0,0,0,0,WEST
-115,45, LULCCHRT ,-111,2,2,3000,725,13,13,13,0,0,0,0,0,0,0,2000,0,0,0,0,0,0,WEST
-115,45, LULCCHRT ,-111,3,3,3000,725,15,15,15,0,0,0,0,0,0,0,2000,0,0,0,0,0,0,WEST
-115,45.5, LULCCHRT ,-111,1,1,3000,719,9,9,9,0,0,0,0,0,0,0,2000,0,0,0,0,0,0,WEST
-115,45.5, LULCCHRT ,-111,2,2,3000,719,13,13,13,0,0,0,0,0,0,0,2000,0,0,0,0,0,0,WEST
-115,45.5, LULCCHRT ,-111,3,3,3000,719,15,15,15,0,0,0,0,0,0,0,2000,0,0,0,0,0,0,WEST
-115,46, LULCCHRT ,-111,1,1,3000,712,4,4,4,0,0,0,0,0,0,0,2000,0,0,0,0,0,0,WEST
-115,46, LULCCHRT ,-111,2,2,3000,712,13,13,13,0,0,0,0,0,0,0,2000,0,0,0,0,0,0,WEST
-115,46, LULCCHRT ,-111,3,3,3000,712,15,15,15,0,0,0,0,0,0,0,2000,0,0,0,0,0,0,WEST
-115,46.5, LULCCHRT ,-111,1,1,3000,706,4,4,4,0,0,0,0,0,0,0,2000,0,0,0,0,0,0,WEST
-115,46.5, LULCCHRT ,-111,2,2,3000,706,13,13,13,0,0,0,0,0,0,0,2000,0,0,0,0,0,0,WEST
-115,46.5, LULCCHRT ,-111,3,3,3000,706,15,15,15,0,0,0,0,0,0,0,2000,0,0,0,0,0,0,WEST
-115,47, LULCCHRT ,-111,1,1,3000,699,9,9,9,0,0,0,0,0,0,0,2000,0,0,0,0,0,0,WEST
-115,47, LULCCHRT ,-111,2,2,3000,699,13,13,13,0,0,0,0,0,0,0,2000,0,0,0,0,0,0,WEST
-115,47, LULCCHRT ,-111,3,3,3000,699,15,15,15,0,0,0,0,0,0,0,2000,0,0,0,0,0,0,WEST
-115,47.5, LULCCHRT ,-111,1,1,3000,693,9,9,9,0,0,0,0,0,0,0,2000,0,0,0,0,0,0,WEST
-115,47.5, LULCCHRT ,-111,2,2,3000,693,13,13,13,0,0,0,0,0,0,0,2000,0,0,0,0,0,0,WEST
-115,47.5, LULCCHRT ,-111,3,3,3000,693,15,15,15,0,0,0,0,0,0,0,2000,0,0,0,0,0,0,WEST
-115,48, LULCCHRT ,-111,1,1,3000,686,9,9,9,0,0,0,0,0,0,0,2000,0,0,0,0,0,0,WEST
-115,48, LULCCHRT ,-111,2,2,3000,686,13,13,13,0,0,0,0,0,0,0,2000,0,0,0,0,0,0,WEST
-115,48, LULCCHRT ,-111,3,3,3000,686,15,15,15,0,0,0,0,0,0,0,2000,0,0,0,0,0,0,WEST
-115,48.5, LULCCHRT ,-111,1,1,3000,679,4,4,4,0,0,0,0,0,0,0,2000,0,0,0,0,0,0,WEST
-115,48.5, LULCCHRT ,-111,2,2,3000,679,13,13,13,0,0,0,0,0,0,0,2000,0,0,0,0,0,0,WEST
-115,48.5, LULCCHRT ,-111,3,3,3000,679,15,15,15,0,0,0,0,0,0,0,2000,0,0,0,0,0,0,WEST
-114.5,44.5, LULCCHRT ,-111,1,1,3000,732,4,4,4,0,0,0,0,0,0,0,2000,0,0,0,0,0,0,WEST
-114.5,44.5, LULCCHRT ,-111,2,2,3000,732,13,13,13,0,0,0,0,0,0,0,2000,0,0,0,0,0,0,WEST
-114.5,44.5, LULCCHRT ,-111,3,3,3000,732,15,15,15,0,0,0,0,0,0,0,2000,0,0,0,0,0,0,WEST
-114.5,45, LULCCHRT ,-111,1,1,3000,725,9,9,9,0,0,0,0,0,0,0,2000,0,0,0,0,0,0,WEST
-114.5,45, LULCCHRT ,-111,2,2,3000,725,13,13,13,0,0,0,0,0,0,0,2000,0,0,0,0,0,0,WEST
-114.5,45, LULCCHRT ,-111,3,3,3000,725,15,15,15,0,0,0,0,0,0,0,2000,0,0,0,0,0,0,WEST
-114.5,45.5, LULCCHRT ,-111,1,1,3000,719,4,4,4,0,0,0,0,0,0,0,2000,0,0,0,0,0,0,WEST
-114.5,45.5, LULCCHRT ,-111,2,2,3000,719,13,13,13,0,0,0,0,0,0,0,2000,0,0,0,0,0,0,WEST
-114.5,45.5, LULCCHRT ,-111,3,3,3000,719,15,15,15,0,0,0,0,0,0,0,2000,0,0,0,0,0,0,WEST
-114.5,46, LULCCHRT ,-111,1,1,3000,712,9,9,9,0,0,0,0,0,0,0,2000,0,0,0,0,0,0,WEST
-114.5,46, LULCCHRT ,-111,2,2,3000,712,13,13,13,0,0,0,0,0,0,0,2000,0,0,0,0,0,0,WEST
-114.5,46, LULCCHRT ,-111,3,3,3000,712,15,15,15,0,0,0,0,0,0,0,2000,0,0,0,0,0,0,WEST
-114.5,46.5, LULCCHRT ,-111,1,1,3000,706,9,9,9,0,0,0,0,0,0,0,2000,0,0,0,0,0,0,WEST
-114.5,46.5, LULCCHRT ,-111,2,2,3000,706,13,13,13,0,0,0,0,0,0,0,2000,0,0,0,0,0,0,WEST
-114.5,46.5, LULCCHRT ,-111,3,3,3000,706,15,15,15,0,0,0,0,0,0,0,2000,0,0,0,0,0,0,WEST
-114.5,48.5, LULCCHRT ,-111,1,1,3000,679,9,9,9,0,0,0,0,0,0,0,2000,0,0,0,0,0,0,WEST
-114.5,48.5, LULCCHRT ,-111,2,2,3000,679,13,13,13,0,0,0,0,0,0,0,2000,0,0,0,0,0,0,WEST
-114.5,48.5, LULCCHRT ,-111,3,3,3000,679,15,15,15,0,0,0,0,0,0,0,2000,0,0,0,0,0,0,WEST
-114,44, LULCCHRT ,-111,1,1,3000,738,4,4,4,0,0,0,0,0,0,0,2000,0,0,0,0,0,0,WEST
-114,44, LULCCHRT ,-111,2,2,3000,738,13,13,13,0,0,0,0,0,0,0,2000,0,0,0,0,0,0,WEST
-114,44, LULCCHRT ,-111,3,3,3000,738,15,15,15,0,0,0,0,0,0,0,2000,0,0,0,0,0,0,WEST
-114,45.5, LULCCHRT ,-111,1,1,3000,719,4,4,4,0,0,0,0,0,0,0,2000,0,0,0,0,0,0,WEST
-114,45.5, LULCCHRT ,-111,2,2,3000,719,13,13,13,0,0,0,0,0,0,0,2000,0,0,0,0,0,0,WEST
-114,45.5, LULCCHRT ,-111,3,3,3000,719,15,15,15,0,0,0,0,0,0,0,2000,0,0,0,0,0,0,WEST
-114,46, LULCCHRT ,-111,1,1,3000,712,9,9,9,0,0,0,0,0,0,0,2000,0,0,0,0,0,0,WEST
-114,46, LULCCHRT ,-111,2,2,3000,712,13,13,13,0,0,0,0,0,0,0,2000,0,0,0,0,0,0,WEST
-114,46, LULCCHRT ,-111,3,3,3000,712,15,15,15,0,0,0,0,0,0,0,2000,0,0,0,0,0,0,WEST
-114,46.5, LULCCHRT ,-111,1,1,3000,706,9,9,9,0,0,0,0,0,0,0,2000,0,0,0,0,0,0,WEST
-114,46.5, LULCCHRT ,-111,2,2,3000,706,13,13,13,0,0,0,0,0,0,0,2000,0,0,0,0,0,0,WEST
-114,46.5, LULCCHRT ,-111,3,3,3000,706,15,15,15,0,0,0,0,0,0,0,2000,0,0,0,0,0,0,WEST
-114,47, LULCCHRT ,-111,1,1,3000,699,9,9,9,0,0,0,0,0,0,0,2000,0,0,0,0,0,0,WEST
-114,47, LULCCHRT ,-111,2,2,3000,699,13,13,13,0,0,0,0,0,0,0,2000,0,0,0,0,0,0,WEST
-114,47, LULCCHRT ,-111,3,3,3000,699,15,15,15,0,0,0,0,0,0,0,2000,0,0,0,0,0,0,WEST
-114,47.5, LULCCHRT ,-111,1,1,3000,693,9,9,9,0,0,0,0,0,0,0,2000,0,0,0,0,0,0,WEST
-114,47.5, LULCCHRT ,-111,2,2,3000,693,13,13,13,0,0,0,0,0,0,0,2000,0,0,0,0,0,0,WEST
-114,47.5, LULCCHRT ,-111,3,3,3000,693,15,15,15,0,0,0,0,0,0,0,2000,0,0,0,0,0,0,WEST
-114,48, LULCCHRT ,-111,1,1,3000,686,9,9,9,0,0,0,0,0,0,0,2000,0,0,0,0,0,0,WEST
-114,48, LULCCHRT ,-111,2,2,3000,686,13,13,13,0,0,0,0,0,0,0,2000,0,0,0,0,0,0,WEST
-114,48, LULCCHRT ,-111,3,3,3000,686,15,15,15,0,0,0,0,0,0,0,2000,0,0,0,0,0,0,WEST
-114,48.5, LULCCHRT ,-111,1,1,3000,679,4,4,4,0,0,0,0,0,0,0,2000,0,0,0,0,0,0,WEST
-114,48.5, LULCCHRT ,-111,2,2,3000,679,13,13,13,0,0,0,0,0,0,0,2000,0,0,0,0,0,0,WEST
-114,48.5, LULCCHRT ,-111,3,3,3000,679,15,15,15,0,0,0,0,0,0,0,2000,0,0,0,0,0,0,WEST
-113.5,44.5, LULCCHRT ,-111,1,1,3000,732,4,4,4,0,0,0,0,0,0,0,2000,0,0,0,0,0,0,WEST
-113.5,44.5, LULCCHRT ,-111,2,2,3000,732,13,13,13,0,0,0,0,0,0,0,2000,0,0,0,0,0,0,WEST
-113.5,44.5, LULCCHRT ,-111,3,3,3000,732,15,15,15,0,0,0,0,0,0,0,2000,0,0,0,0,0,0,WEST
-113.5,45, LULCCHRT ,-111,1,1,3000,725,9,9,9,0,0,0,0,0,0,0,2000,0,0,0,0,0,0,WEST
-113.5,45, LULCCHRT ,-111,2,2,3000,725,13,13,13,0,0,0,0,0,0,0,2000,0,0,0,0,0,0,WEST
-113.5,45, LULCCHRT ,-111,3,3,3000,725,15,15,15,0,0,0,0,0,0,0,2000,0,0,0,0,0,0,WEST
-113.5,45.5, LULCCHRT ,-111,1,1,3000,719,4,4,4,0,0,0,0,0,0,0,2000,0,0,0,0,0,0,WEST
-113.5,45.5, LULCCHRT ,-111,2,2,3000,719,13,13,13,0,0,0,0,0,0,0,2000,0,0,0,0,0,0,WEST
-113.5,45.5, LULCCHRT ,-111,3,3,3000,719,15,15,15,0,0,0,0,0,0,0,2000,0,0,0,0,0,0,WEST
-113.5,46, LULCCHRT ,-111,1,1,3000,712,9,9,9,0,0,0,0,0,0,0,2000,0,0,0,0,0,0,WEST
-113.5,46, LULCCHRT ,-111,2,2,3000,712,13,13,13,0,0,0,0,0,0,0,2000,0,0,0,0,0,0,WEST
-113.5,46, LULCCHRT ,-111,3,3,3000,712,15,15,15,0,0,0,0,0,0,0,2000,0,0,0,0,0,0,WEST
-113.5,47, LULCCHRT ,-111,1,1,3000,699,9,9,9,0,0,0,0,0,0,0,2000,0,0,0,0,0,0,WEST
-113.5,47, LULCCHRT ,-111,2,2,3000,699,13,13,13,0,0,0,0,0,0,0,2000,0,0,0,0,0,0,WEST
-113.5,47, LULCCHRT ,-111,3,3,3000,699,15,15,15,0,0,0,0,0,0,0,2000,0,0,0,0,0,0,WEST
-113.5,47.5, LULCCHRT ,-111,1,1,3000,693,9,9,9,0,0,0,0,0,0,0,2000,0,0,0,0,0,0,WEST
-113.5,47.5, LULCCHRT ,-111,2,2,3000,693,13,13,13,0,0,0,0,0,0,0,2000,0,0,0,0,0,0,WEST
-113.5,47.5, LULCCHRT ,-111,3,3,3000,693,15,15,15,0,0,0,0,0,0,0,2000,0,0,0,0,0,0,WEST
-113.5,48, LULCCHRT ,-111,1,1,3000,686,4,4,4,0,0,0,0,0,0,0,2000,0,0,0,0,0,0,WEST
-113.5,48, LULCCHRT ,-111,2,2,3000,686,13,13,13,0,0,0,0,0,0,0,2000,0,0,0,0,0,0,WEST
-113.5,48, LULCCHRT ,-111,3,3,3000,686,15,15,15,0,0,0,0,0,0,0,2000,0,0,0,0,0,0,WEST
-113,34.5, LULCCHRT ,-111,1,1,3000,846,19,19,19,0,0,0,0,0,0,0,2000,0,0,0,0,0,0,WEST
-113,34.5, LULCCHRT ,-111,2,2,3000,846,13,13,13,0,0,0,0,0,0,0,2000,0,0,0,0,0,0,WEST
-113,34.5, LULCCHRT ,-111,3,3,3000,846,15,15,15,0,0,0,0,0,0,0,2000,0,0,0,0,0,0,WEST
-113,37.5, LULCCHRT ,-111,1,1,3000,815,9,9,9,0,0,0,0,0,0,0,2000,0,0,0,0,0,0,WEST
-113,37.5, LULCCHRT ,-111,2,2,3000,815,13,13,13,0,0,0,0,0,0,0,2000,0,0,0,0,0,0,WEST
-113,37.5, LULCCHRT ,-111,3,3,3000,815,15,15,15,0,0,0,0,0,0,0,2000,0,0,0,0,0,0,WEST
-113,44.5, LULCCHRT ,-111,1,1,3000,732,9,9,9,0,0,0,0,0,0,0,2000,0,0,0,0,0,0,WEST
-113,44.5, LULCCHRT ,-111,2,2,3000,732,13,13,13,0,0,0,0,0,0,0,2000,0,0,0,0,0,0,WEST
-113,44.5, LULCCHRT ,-111,3,3,3000,732,15,15,15,0,0,0,0,0,0,0,2000,0,0,0,0,0,0,WEST
-113,45.5, LULCCHRT ,-111,1,1,3000,719,9,9,9,0,0,0,0,0,0,0,2000,0,0,0,0,0,0,WEST
-113,45.5, LULCCHRT ,-111,2,2,3000,719,13,13,13,0,0,0,0,0,0,0,2000,0,0,0,0,0,0,WEST
-113,45.5, LULCCHRT ,-111,3,3,3000,719,15,15,15,0,0,0,0,0,0,0,2000,0,0,0,0,0,0,WEST
-113,46, LULCCHRT ,-111,1,1,3000,712,9,9,9,0,0,0,0,0,0,0,2000,0,0,0,0,0,0,WEST
-113,46, LULCCHRT ,-111,2,2,3000,712,13,13,13,0,0,0,0,0,0,0,2000,0,0,0,0,0,0,WEST
-113,46, LULCCHRT ,-111,3,3,3000,712,15,15,15,0,0,0,0,0,0,0,2000,0,0,0,0,0,0,WEST
-113,47, LULCCHRT ,-111,1,1,3000,699,9,9,9,0,0,0,0,0,0,0,2000,0,0,0,0,0,0,WEST
-113,47, LULCCHRT ,-111,2,2,3000,699,13,13,13,0,0,0,0,0,0,0,2000,0,0,0,0,0,0,WEST
-113,47, LULCCHRT ,-111,3,3,3000,699,15,15,15,0,0,0,0,0,0,0,2000,0,0,0,0,0,0,WEST
-113,47.5, LULCCHRT ,-111,1,1,3000,693,9,9,9,0,0,0,0,0,0,0,2000,0,0,0,0,0,0,WEST
-113,47.5, LULCCHRT ,-111,2,2,3000,693,13,13,13,0,0,0,0,0,0,0,2000,0,0,0,0,0,0,WEST
-113,47.5, LULCCHRT ,-111,3,3,3000,693,15,15,15,0,0,0,0,0,0,0,2000,0,0,0,0,0,0,WEST
-112.5,34, LULCCHRT ,-111,1,1,3000,852,19,19,19,0,0,0,0,0,0,0,2000,0,0,0,0,0,0,WEST
-112.5,34, LULCCHRT ,-111,2,2,3000,852,13,13,13,0,0,0,0,0,0,0,2000,0,0,0,0,0,0,WEST
-112.5,34, LULCCHRT ,-111,3,3,3000,852,15,15,15,0,0,0,0,0,0,0,2000,0,0,0,0,0,0,WEST
-112.5,34.5, LULCCHRT ,-111,1,1,3000,846,19,19,19,0,0,0,0,0,0,0,2000,0,0,0,0,0,0,WEST
-112.5,34.5, LULCCHRT ,-111,2,2,3000,846,13,13,13,0,0,0,0,0,0,0,2000,0,0,0,0,0,0,WEST
-112.5,34.5, LULCCHRT ,-111,3,3,3000,846,15,15,15,0,0,0,0,0,0,0,2000,0,0,0,0,0,0,WEST
-112.5,38.5, LULCCHRT ,-111,1,1,3000,803,9,9,9,0,0,0,0,0,0,0,2000,0,0,0,0,0,0,WEST
-112.5,38.5, LULCCHRT ,-111,2,2,3000,803,13,13,13,0,0,0,0,0,0,0,2000,0,0,0,0,0,0,WEST
-112.5,38.5, LULCCHRT ,-111,3,3,3000,803,15,15,15,0,0,0,0,0,0,0,2000,0,0,0,0,0,0,WEST
-112.5,44.5, LULCCHRT ,-111,1,1,3000,732,4,4,4,0,0,0,0,0,0,0,2000,0,0,0,0,0,0,WEST
-112.5,44.5, LULCCHRT ,-111,2,2,3000,732,13,13,13,0,0,0,0,0,0,0,2000,0,0,0,0,0,0,WEST
-112.5,44.5, LULCCHRT ,-111,3,3,3000,732,15,15,15,0,0,0,0,0,0,0,2000,0,0,0,0,0,0,WEST
-112.5,45.5, LULCCHRT ,-111,1,1,3000,719,9,9,9,0,0,0,0,0,0,0,2000,0,0,0,0,0,0,WEST
-112.5,45.5, LULCCHRT ,-111,2,2,3000,719,13,13,13,0,0,0,0,0,0,0,2000,0,0,0,0,0,0,WEST
-112.5,45.5, LULCCHRT ,-111,3,3,3000,719,15,15,15,0,0,0,0,0,0,0,2000,0,0,0,0,0,0,WEST
-112.5,46, LULCCHRT ,-111,1,1,3000,712,9,9,9,0,0,0,0,0,0,0,2000,0,0,0,0,0,0,WEST
-112.5,46, LULCCHRT ,-111,2,2,3000,712,13,13,13,0,0,0,0,0,0,0,2000,0,0,0,0,0,0,WEST
-112.5,46, LULCCHRT ,-111,3,3,3000,712,15,15,15,0,0,0,0,0,0,0,2000,0,0,0,0,0,0,WEST
-112.5,46.5, LULCCHRT ,-111,1,1,3000,706,9,9,9,0,0,0,0,0,0,0,2000,0,0,0,0,0,0,WEST
-112.5,46.5, LULCCHRT ,-111,2,2,3000,706,13,13,13,0,0,0,0,0,0,0,2000,0,0,0,0,0,0,WEST
-112.5,46.5, LULCCHRT ,-111,3,3,3000,706,15,15,15,0,0,0,0,0,0,0,2000,0,0,0,0,0,0,WEST
-112,33.5, LULCCHRT ,-111,1,1,3000,857,19,19,19,0,0,0,0,0,0,0,2000,0,0,0,0,0,0,WEST
-112,33.5, LULCCHRT ,-111,2,2,3000,857,13,13,13,0,0,0,0,0,0,0,2000,0,0,0,0,0,0,WEST
-112,33.5, LULCCHRT ,-111,3,3,3000,857,15,15,15,0,0,0,0,0,0,0,2000,0,0,0,0,0,0,WEST
-112,34, LULCCHRT ,-111,1,1,3000,852,19,19,19,0,0,0,0,0,0,0,2000,0,0,0,0,0,0,WEST
-112,34, LULCCHRT ,-111,2,2,3000,852,13,13,13,0,0,0,0,0,0,0,2000,0,0,0,0,0,0,WEST
-112,34, LULCCHRT ,-111,3,3,3000,852,15,15,15,0,0,0,0,0,0,0,2000,0,0,0,0,0,0,WEST
-112,34.5, LULCCHRT ,-111,1,1,3000,846,9,9,9,0,0,0,0,0,0,0,2000,0,0,0,0,0,0,WEST
-112,34.5, LULCCHRT ,-111,2,2,3000,846,13,13,13,0,0,0,0,0,0,0,2000,0,0,0,0,0,0,WEST
-112,34.5, LULCCHRT ,-111,3,3,3000,846,15,15,15,0,0,0,0,0,0,0,2000,0,0,0,0,0,0,WEST
-112,35, LULCCHRT ,-111,1,1,3000,841,9,9,9,0,0,0,0,0,0,0,2000,0,0,0,0,0,0,WEST
-112,35, LULCCHRT ,-111,2,2,3000,841,13,13,13,0,0,0,0,0,0,0,2000,0,0,0,0,0,0,WEST
-112,35, LULCCHRT ,-111,3,3,3000,841,15,15,15,0,0,0,0,0,0,0,2000,0,0,0,0,0,0,WEST
-112,40, LULCCHRT ,-111,1,1,3000,786,19,19,19,0,0,0,0,0,0,0,2000,0,0,0,0,0,0,WEST
-112,40, LULCCHRT ,-111,2,2,3000,786,13,13,13,0,0,0,0,0,0,0,2000,0,0,0,0,0,0,WEST
-112,40, LULCCHRT ,-111,3,3,3000,786,15,15,15,0,0,0,0,0,0,0,2000,0,0,0,0,0,0,WEST
-112,40.5, LULCCHRT ,-111,1,1,3000,780,19,19,19,0,0,0,0,0,0,0,2000,0,0,0,0,0,0,WEST
-112,40.5, LULCCHRT ,-111,2,2,3000,780,13,13,13,0,0,0,0,0,0,0,2000,0,0,0,0,0,0,WEST
-112,40.5, LULCCHRT ,-111,3,3,3000,780,15,15,15,0,0,0,0,0,0,0,2000,0,0,0,0,0,0,WEST
-112,41, LULCCHRT ,-111,1,1,3000,775,19,19,19,0,0,0,0,0,0,0,2000,0,0,0,0,0,0,WEST
-112,41, LULCCHRT ,-111,2,2,3000,775,13,13,13,0,0,0,0,0,0,0,2000,0,0,0,0,0,0,WEST
-112,41, LULCCHRT ,-111,3,3,3000,775,15,15,15,0,0,0,0,0,0,0,2000,0,0,0,0,0,0,WEST
-112,41.5, LULCCHRT ,-111,1,1,3000,769,9,9,9,0,0,0,0,0,0,0,2000,0,0,0,0,0,0,WEST
-112,41.5, LULCCHRT ,-111,2,2,3000,769,13,13,13,0,0,0,0,0,0,0,2000,0,0,0,0,0,0,WEST
-112,41.5, LULCCHRT ,-111,3,3,3000,769,15,15,15,0,0,0,0,0,0,0,2000,0,0,0,0,0,0,WEST
-112,45, LULCCHRT ,-111,1,1,3000,725,9,9,9,0,0,0,0,0,0,0,2000,0,0,0,0,0,0,WEST
-112,45, LULCCHRT ,-111,2,2,3000,725,13,13,13,0,0,0,0,0,0,0,2000,0,0,0,0,0,0,WEST
-112,45, LULCCHRT ,-111,3,3,3000,725,15,15,15,0,0,0,0,0,0,0,2000,0,0,0,0,0,0,WEST
-111.5,33.5, LULCCHRT ,-111,1,1,3000,857,19,19,19,0,0,0,0,0,0,0,2000,0,0,0,0,0,0,WEST
-111.5,33.5, LULCCHRT ,-111,2,2,3000,857,13,13,13,0,0,0,0,0,0,0,2000,0,0,0,0,0,0,WEST
-111.5,33.5, LULCCHRT ,-111,3,3,3000,857,15,15,15,0,0,0,0,0,0,0,2000,0,0,0,0,0,0,WEST
-111.5,34, LULCCHRT ,-111,1,1,3000,852,9,9,9,0,0,0,0,0,0,0,2000,0,0,0,0,0,0,WEST
-111.5,34, LULCCHRT ,-111,2,2,3000,852,13,13,13,0,0,0,0,0,0,0,2000,0,0,0,0,0,0,WEST
-111.5,34, LULCCHRT ,-111,3,3,3000,852,15,15,15,0,0,0,0,0,0,0,2000,0,0,0,0,0,0,WEST
-111.5,34.5, LULCCHRT ,-111,1,1,3000,846,9,9,9,0,0,0,0,0,0,0,2000,0,0,0,0,0,0,WEST
-111.5,34.5, LULCCHRT ,-111,2,2,3000,846,13,13,13,0,0,0,0,0,0,0,2000,0,0,0,0,0,0,WEST
-111.5,34.5, LULCCHRT ,-111,3,3,3000,846,15,15,15,0,0,0,0,0,0,0,2000,0,0,0,0,0,0,WEST
-111.5,39, LULCCHRT ,-111,1,1,3000,798,9,9,9,0,0,0,0,0,0,0,2000,0,0,0,0,0,0,WEST
-111.5,39, LULCCHRT ,-111,2,2,3000,798,13,13,13,0,0,0,0,0,0,0,2000,0,0,0,0,0,0,WEST
-111.5,39, LULCCHRT ,-111,3,3,3000,798,15,15,15,0,0,0,0,0,0,0,2000,0,0,0,0,0,0,WEST
-111.5,39.5, LULCCHRT ,-111,1,1,3000,792,9,9,9,0,0,0,0,0,0,0,2000,0,0,0,0,0,0,WEST
-111.5,39.5, LULCCHRT ,-111,2,2,3000,792,13,13,13,0,0,0,0,0,0,0,2000,0,0,0,0,0,0,WEST
-111.5,39.5, LULCCHRT ,-111,3,3,3000,792,15,15,15,0,0,0,0,0,0,0,2000,0,0,0,0,0,0,WEST
-111.5,40, LULCCHRT ,-111,1,1,3000,786,9,9,9,0,0,0,0,0,0,0,2000,0,0,0,0,0,0,WEST
-111.5,40, LULCCHRT ,-111,2,2,3000,786,13,13,13,0,0,0,0,0,0,0,2000,0,0,0,0,0,0,WEST
-111.5,40, LULCCHRT ,-111,3,3,3000,786,15,15,15,0,0,0,0,0,0,0,2000,0,0,0,0,0,0,WEST
-111.5,40.5, LULCCHRT ,-111,1,1,3000,780,19,19,19,0,0,0,0,0,0,0,2000,0,0,0,0,0,0,WEST
-111.5,40.5, LULCCHRT ,-111,2,2,3000,780,13,13,13,0,0,0,0,0,0,0,2000,0,0,0,0,0,0,WEST
-111.5,40.5, LULCCHRT ,-111,3,3,3000,780,15,15,15,0,0,0,0,0,0,0,2000,0,0,0,0,0,0,WEST
-111.5,42.5, LULCCHRT ,-111,1,1,3000,756,9,9,9,0,0,0,0,0,0,0,2000,0,0,0,0,0,0,WEST
-111.5,42.5, LULCCHRT ,-111,2,2,3000,756,13,13,13,0,0,0,0,0,0,0,2000,0,0,0,0,0,0,WEST
-111.5,42.5, LULCCHRT ,-111,3,3,3000,756,15,15,15,0,0,0,0,0,0,0,2000,0,0,0,0,0,0,WEST
-111.5,43, LULCCHRT ,-111,1,1,3000,750,9,9,9,0,0,0,0,0,0,0,2000,0,0,0,0,0,0,WEST
-111.5,43, LULCCHRT ,-111,2,2,3000,750,13,13,13,0,0,0,0,0,0,0,2000,0,0,0,0,0,0,WEST
-111.5,43, LULCCHRT ,-111,3,3,3000,750,15,15,15,0,0,0,0,0,0,0,2000,0,0,0,0,0,0,WEST
-111.5,44, LULCCHRT ,-111,1,1,3000,738,9,9,9,0,0,0,0,0,0,0,2000,0,0,0,0,0,0,WEST
-111.5,44, LULCCHRT ,-111,2,2,3000,738,13,13,13,0,0,0,0,0,0,0,2000,0,0,0,0,0,0,WEST
-111.5,44, LULCCHRT ,-111,3,3,3000,738,15,15,15,0,0,0,0,0,0,0,2000,0,0,0,0,0,0,WEST
-111.5,44.5, LULCCHRT ,-111,1,1,3000,732,9,9,9,0,0,0,0,0,0,0,2000,0,0,0,0,0,0,WEST
-111.5,44.5, LULCCHRT ,-111,2,2,3000,732,13,13,13,0,0,0,0,0,0,0,2000,0,0,0,0,0,0,WEST
-111.5,44.5, LULCCHRT ,-111,3,3,3000,732,15,15,15,0,0,0,0,0,0,0,2000,0,0,0,0,0,0,WEST
-111.5,45, LULCCHRT ,-111,1,1,3000,725,4,4,4,0,0,0,0,0,0,0,2000,0,0,0,0,0,0,WEST
-111.5,45, LULCCHRT ,-111,2,2,3000,725,13,13,13,0,0,0,0,0,0,0,2000,0,0,0,0,0,0,WEST
-111.5,45, LULCCHRT ,-111,3,3,3000,725,15,15,15,0,0,0,0,0,0,0,2000,0,0,0,0,0,0,WEST
-111.5,46.5, LULCCHRT ,-111,1,1,3000,706,9,9,9,0,0,0,0,0,0,0,2000,0,0,0,0,0,0,WEST
-111.5,46.5, LULCCHRT ,-111,2,2,3000,706,13,13,13,0,0,0,0,0,0,0,2000,0,0,0,0,0,0,WEST
-111.5,46.5, LULCCHRT ,-111,3,3,3000,706,15,15,15,0,0,0,0,0,0,0,2000,0,0,0,0,0,0,WEST
-111,31.5, LULCCHRT ,-111,1,1,3000,876,19,19,19,0,0,0,0,0,0,0,2000,0,0,0,0,0,0,WEST
-111,31.5, LULCCHRT ,-111,2,2,3000,876,13,13,13,0,0,0,0,0,0,0,2000,0,0,0,0,0,0,WEST
-111,31.5, LULCCHRT ,-111,3,3,3000,876,15,15,15,0,0,0,0,0,0,0,2000,0,0,0,0,0,0,WEST
-111,33, LULCCHRT ,-111,1,1,3000,862,19,19,19,0,0,0,0,0,0,0,2000,0,0,0,0,0,0,WEST
-111,33, LULCCHRT ,-111,2,2,3000,862,13,13,13,0,0,0,0,0,0,0,2000,0,0,0,0,0,0,WEST
-111,33, LULCCHRT ,-111,3,3,3000,862,15,15,15,0,0,0,0,0,0,0,2000,0,0,0,0,0,0,WEST
-111,33.5, LULCCHRT ,-111,1,1,3000,857,19,19,19,0,0,0,0,0,0,0,2000,0,0,0,0,0,0,WEST
-111,33.5, LULCCHRT ,-111,2,2,3000,857,13,13,13,0,0,0,0,0,0,0,2000,0,0,0,0,0,0,WEST
-111,33.5, LULCCHRT ,-111,3,3,3000,857,15,15,15,0,0,0,0,0,0,0,2000,0,0,0,0,0,0,WEST
-111,34, LULCCHRT ,-111,1,1,3000,852,9,9,9,0,0,0,0,0,0,0,2000,0,0,0,0,0,0,WEST
-111,34, LULCCHRT ,-111,2,2,3000,852,13,13,13,0,0,0,0,0,0,0,2000,0,0,0,0,0,0,WEST
-111,34, LULCCHRT ,-111,3,3,3000,852,15,15,15,0,0,0,0,0,0,0,2000,0,0,0,0,0,0,WEST
-111,40.5, LULCCHRT ,-111,1,1,3000,780,9,9,9,0,0,0,0,0,0,0,2000,0,0,0,0,0,0,WEST
-111,40.5, LULCCHRT ,-111,2,2,3000,780,13,13,13,0,0,0,0,0,0,0,2000,0,0,0,0,0,0,WEST
-111,40.5, LULCCHRT ,-111,3,3,3000,780,15,15,15,0,0,0,0,0,0,0,2000,0,0,0,0,0,0,WEST
-111,42, LULCCHRT ,-111,1,1,3000,763,9,9,9,0,0,0,0,0,0,0,2000,0,0,0,0,0,0,WEST
-111,42, LULCCHRT ,-111,2,2,3000,763,13,13,13,0,0,0,0,0,0,0,2000,0,0,0,0,0,0,WEST
-111,42, LULCCHRT ,-111,3,3,3000,763,15,15,15,0,0,0,0,0,0,0,2000,0,0,0,0,0,0,WEST
-111,42.5, LULCCHRT ,-111,1,1,3000,756,9,9,9,0,0,0,0,0,0,0,2000,0,0,0,0,0,0,WEST
-111,42.5, LULCCHRT ,-111,2,2,3000,756,13,13,13,0,0,0,0,0,0,0,2000,0,0,0,0,0,0,WEST
-111,42.5, LULCCHRT ,-111,3,3,3000,756,15,15,15,0,0,0,0,0,0,0,2000,0,0,0,0,0,0,WEST
-111,43, LULCCHRT ,-111,1,1,3000,750,9,9,9,0,0,0,0,0,0,0,2000,0,0,0,0,0,0,WEST
-111,43, LULCCHRT ,-111,2,2,3000,750,13,13,13,0,0,0,0,0,0,0,2000,0,0,0,0,0,0,WEST
-111,43, LULCCHRT ,-111,3,3,3000,750,15,15,15,0,0,0,0,0,0,0,2000,0,0,0,0,0,0,WEST
-111,44, LULCCHRT ,-111,1,1,3000,738,9,9,9,0,0,0,0,0,0,0,2000,0,0,0,0,0,0,WEST
-111,44, LULCCHRT ,-111,2,2,3000,738,13,13,13,0,0,0,0,0,0,0,2000,0,0,0,0,0,0,WEST
-111,44, LULCCHRT ,-111,3,3,3000,738,15,15,15,0,0,0,0,0,0,0,2000,0,0,0,0,0,0,WEST
-111,44.5, LULCCHRT ,-111,1,1,3000,732,9,9,9,0,0,0,0,0,0,0,2000,0,0,0,0,0,0,WEST
-111,44.5, LULCCHRT ,-111,2,2,3000,732,13,13,13,0,0,0,0,0,0,0,2000,0,0,0,0,0,0,WEST
-111,44.5, LULCCHRT ,-111,3,3,3000,732,15,15,15,0,0,0,0,0,0,0,2000,0,0,0,0,0,0,WEST
-111,45, LULCCHRT ,-111,1,1,3000,725,9,9,9,0,0,0,0,0,0,0,2000,0,0,0,0,0,0,WEST
-111,45, LULCCHRT ,-111,2,2,3000,725,13,13,13,0,0,0,0,0,0,0,2000,0,0,0,0,0,0,WEST
-111,45, LULCCHRT ,-111,3,3,3000,725,15,15,15,0,0,0,0,0,0,0,2000,0,0,0,0,0,0,WEST
-111,45.5, LULCCHRT ,-111,1,1,3000,719,9,9,9,0,0,0,0,0,0,0,2000,0,0,0,0,0,0,WEST
-111,45.5, LULCCHRT ,-111,2,2,3000,719,13,13,13,0,0,0,0,0,0,0,2000,0,0,0,0,0,0,WEST
-111,45.5, LULCCHRT ,-111,3,3,3000,719,15,15,15,0,0,0,0,0,0,0,2000,0,0,0,0,0,0,WEST
-111,46.5, LULCCHRT ,-111,1,1,3000,706,9,9,9,0,0,0,0,0,0,0,2000,0,0,0,0,0,0,WEST
-111,46.5, LULCCHRT ,-111,2,2,3000,706,13,13,13,0,0,0,0,0,0,0,2000,0,0,0,0,0,0,WEST
-111,46.5, LULCCHRT ,-111,3,3,3000,706,15,15,15,0,0,0,0,0,0,0,2000,0,0,0,0,0,0,WEST
-110.5,32.5, LULCCHRT ,-111,1,1,3000,866,19,19,19,0,0,0,0,0,0,0,2000,0,0,0,0,0,0,WEST
-110.5,32.5, LULCCHRT ,-111,2,2,3000,866,13,13,13,0,0,0,0,0,0,0,2000,0,0,0,0,0,0,WEST
-110.5,32.5, LULCCHRT ,-111,3,3,3000,866,15,15,15,0,0,0,0,0,0,0,2000,0,0,0,0,0,0,WEST
-110.5,33.5, LULCCHRT ,-111,1,1,3000,857,19,19,19,0,0,0,0,0,0,0,2000,0,0,0,0,0,0,WEST
-110.5,33.5, LULCCHRT ,-111,2,2,3000,857,13,13,13,0,0,0,0,0,0,0,2000,0,0,0,0,0,0,WEST
-110.5,33.5, LULCCHRT ,-111,3,3,3000,857,15,15,15,0,0,0,0,0,0,0,2000,0,0,0,0,0,0,WEST
-110.5,34, LULCCHRT ,-111,1,1,3000,852,9,9,9,0,0,0,0,0,0,0,2000,0,0,0,0,0,0,WEST
-110.5,34, LULCCHRT ,-111,2,2,3000,852,13,13,13,0,0,0,0,0,0,0,2000,0,0,0,0,0,0,WEST
-110.5,34, LULCCHRT ,-111,3,3,3000,852,15,15,15,0,0,0,0,0,0,0,2000,0,0,0,0,0,0,WEST
-110.5,40.5, LULCCHRT ,-111,1,1,3000,780,4,4,4,0,0,0,0,0,0,0,2000,0,0,0,0,0,0,WEST
-110.5,40.5, LULCCHRT ,-111,2,2,3000,780,13,13,13,0,0,0,0,0,0,0,2000,0,0,0,0,0,0,WEST
-110.5,40.5, LULCCHRT ,-111,3,3,3000,780,15,15,15,0,0,0,0,0,0,0,2000,0,0,0,0,0,0,WEST
-110.5,43, LULCCHRT ,-111,1,1,3000,750,4,4,4,0,0,0,0,0,0,0,2000,0,0,0,0,0,0,WEST
-110.5,43, LULCCHRT ,-111,2,2,3000,750,13,13,13,0,0,0,0,0,0,0,2000,0,0,0,0,0,0,WEST
-110.5,43, LULCCHRT ,-111,3,3,3000,750,15,15,15,0,0,0,0,0,0,0,2000,0,0,0,0,0,0,WEST
-110.5,43.5, LULCCHRT ,-111,1,1,3000,744,9,9,9,0,0,0,0,0,0,0,2000,0,0,0,0,0,0,WEST
-110.5,43.5, LULCCHRT ,-111,2,2,3000,744,13,13,13,0,0,0,0,0,0,0,2000,0,0,0,0,0,0,WEST
-110.5,43.5, LULCCHRT ,-111,3,3,3000,744,15,15,15,0,0,0,0,0,0,0,2000,0,0,0,0,0,0,WEST
-110.5,44, LULCCHRT ,-111,1,1,3000,738,9,9,9,0,0,0,0,0,0,0,2000,0,0,0,0,0,0,WEST
-110.5,44, LULCCHRT ,-111,2,2,3000,738,13,13,13,0,0,0,0,0,0,0,2000,0,0,0,0,0,0,WEST
-110.5,44, LULCCHRT ,-111,3,3,3000,738,15,15,15,0,0,0,0,0,0,0,2000,0,0,0,0,0,0,WEST
-110.5,44.5, LULCCHRT ,-111,1,1,3000,732,9,9,9,0,0,0,0,0,0,0,2000,0,0,0,0,0,0,WEST
-110.5,44.5, LULCCHRT ,-111,2,2,3000,732,13,13,13,0,0,0,0,0,0,0,2000,0,0,0,0,0,0,WEST
-110.5,44.5, LULCCHRT ,-111,3,3,3000,732,15,15,15,0,0,0,0,0,0,0,2000,0,0,0,0,0,0,WEST
-110.5,45, LULCCHRT ,-111,1,1,3000,725,4,4,4,0,0,0,0,0,0,0,2000,0,0,0,0,0,0,WEST
-110.5,45, LULCCHRT ,-111,2,2,3000,725,13,13,13,0,0,0,0,0,0,0,2000,0,0,0,0,0,0,WEST
-110.5,45, LULCCHRT ,-111,3,3,3000,725,15,15,15,0,0,0,0,0,0,0,2000,0,0,0,0,0,0,WEST
-110.5,46, LULCCHRT ,-111,1,1,3000,712,9,9,9,0,0,0,0,0,0,0,2000,0,0,0,0,0,0,WEST
-110.5,46, LULCCHRT ,-111,2,2,3000,712,13,13,13,0,0,0,0,0,0,0,2000,0,0,0,0,0,0,WEST
-110.5,46, LULCCHRT ,-111,3,3,3000,712,15,15,15,0,0,0,0,0,0,0,2000,0,0,0,0,0,0,WEST
-110.5,46.5, LULCCHRT ,-111,1,1,3000,706,9,9,9,0,0,0,0,0,0,0,2000,0,0,0,0,0,0,WEST
-110.5,46.5, LULCCHRT ,-111,2,2,3000,706,13,13,13,0,0,0,0,0,0,0,2000,0,0,0,0,0,0,WEST
-110.5,46.5, LULCCHRT ,-111,3,3,3000,706,15,15,15,0,0,0,0,0,0,0,2000,0,0,0,0,0,0,WEST
-110,33, LULCCHRT ,-111,1,1,3000,862,19,19,19,0,0,0,0,0,0,0,2000,0,0,0,0,0,0,WEST
-110,33, LULCCHRT ,-111,2,2,3000,862,13,13,13,0,0,0,0,0,0,0,2000,0,0,0,0,0,0,WEST
-110,33, LULCCHRT ,-111,3,3,3000,862,15,15,15,0,0,0,0,0,0,0,2000,0,0,0,0,0,0,WEST
-110,33.5, LULCCHRT ,-111,1,1,3000,857,9,9,9,0,0,0,0,0,0,0,2000,0,0,0,0,0,0,WEST
-110,33.5, LULCCHRT ,-111,2,2,3000,857,13,13,13,0,0,0,0,0,0,0,2000,0,0,0,0,0,0,WEST
-110,33.5, LULCCHRT ,-111,3,3,3000,857,15,15,15,0,0,0,0,0,0,0,2000,0,0,0,0,0,0,WEST
-110,37.5, LULCCHRT ,-111,1,1,3000,815,9,9,9,0,0,0,0,0,0,0,2000,0,0,0,0,0,0,WEST
-110,37.5, LULCCHRT ,-111,2,2,3000,815,13,13,13,0,0,0,0,0,0,0,2000,0,0,0,0,0,0,WEST
-110,37.5, LULCCHRT ,-111,3,3,3000,815,15,15,15,0,0,0,0,0,0,0,2000,0,0,0,0,0,0,WEST
-110,40.5, LULCCHRT ,-111,1,1,3000,780,9,9,9,0,0,0,0,0,0,0,2000,0,0,0,0,0,0,WEST
-110,40.5, LULCCHRT ,-111,2,2,3000,780,13,13,13,0,0,0,0,0,0,0,2000,0,0,0,0,0,0,WEST
-110,40.5, LULCCHRT ,-111,3,3,3000,780,15,15,15,0,0,0,0,0,0,0,2000,0,0,0,0,0,0,WEST
-110,43, LULCCHRT ,-111,1,1,3000,750,4,4,4,0,0,0,0,0,0,0,2000,0,0,0,0,0,0,WEST
-110,43, LULCCHRT ,-111,2,2,3000,750,13,13,13,0,0,0,0,0,0,0,2000,0,0,0,0,0,0,WEST
-110,43, LULCCHRT ,-111,3,3,3000,750,15,15,15,0,0,0,0,0,0,0,2000,0,0,0,0,0,0,WEST
-110,43.5, LULCCHRT ,-111,1,1,3000,744,4,4,4,0,0,0,0,0,0,0,2000,0,0,0,0,0,0,WEST
-110,43.5, LULCCHRT ,-111,2,2,3000,744,13,13,13,0,0,0,0,0,0,0,2000,0,0,0,0,0,0,WEST
-110,43.5, LULCCHRT ,-111,3,3,3000,744,15,15,15,0,0,0,0,0,0,0,2000,0,0,0,0,0,0,WEST
-110,44, LULCCHRT ,-111,1,1,3000,738,4,4,4,0,0,0,0,0,0,0,2000,0,0,0,0,0,0,WEST
-110,44, LULCCHRT ,-111,2,2,3000,738,13,13,13,0,0,0,0,0,0,0,2000,0,0,0,0,0,0,WEST
-110,44, LULCCHRT ,-111,3,3,3000,738,15,15,15,0,0,0,0,0,0,0,2000,0,0,0,0,0,0,WEST
-110,44.5, LULCCHRT ,-111,1,1,3000,732,4,4,4,0,0,0,0,0,0,0,2000,0,0,0,0,0,0,WEST
-110,44.5, LULCCHRT ,-111,2,2,3000,732,13,13,13,0,0,0,0,0,0,0,2000,0,0,0,0,0,0,WEST
-110,44.5, LULCCHRT ,-111,3,3,3000,732,15,15,15,0,0,0,0,0,0,0,2000,0,0,0,0,0,0,WEST
-110,45, LULCCHRT ,-111,1,1,3000,725,4,4,4,0,0,0,0,0,0,0,2000,0,0,0,0,0,0,WEST
-110,45, LULCCHRT ,-111,2,2,3000,725,13,13,13,0,0,0,0,0,0,0,2000,0,0,0,0,0,0,WEST
-110,45, LULCCHRT ,-111,3,3,3000,725,15,15,15,0,0,0,0,0,0,0,2000,0,0,0,0,0,0,WEST
-109.5,31.5, LULCCHRT ,-111,1,1,3000,876,19,19,19,0,0,0,0,0,0,0,2000,0,0,0,0,0,0,WEST
-109.5,31.5, LULCCHRT ,-111,2,2,3000,876,13,13,13,0,0,0,0,0,0,0,2000,0,0,0,0,0,0,WEST
-109.5,31.5, LULCCHRT ,-111,3,3,3000,876,15,15,15,0,0,0,0,0,0,0,2000,0,0,0,0,0,0,WEST
-109.5,33, LULCCHRT ,-111,1,1,3000,862,19,19,19,0,0,0,0,0,0,0,2000,0,0,0,0,0,0,WEST
-109.5,33, LULCCHRT ,-111,2,2,3000,862,13,13,13,0,0,0,0,0,0,0,2000,0,0,0,0,0,0,WEST
-109.5,33, LULCCHRT ,-111,3,3,3000,862,15,15,15,0,0,0,0,0,0,0,2000,0,0,0,0,0,0,WEST
-109.5,33.5, LULCCHRT ,-111,1,1,3000,857,9,9,9,0,0,0,0,0,0,0,2000,0,0,0,0,0,0,WEST
-109.5,33.5, LULCCHRT ,-111,2,2,3000,857,13,13,13,0,0,0,0,0,0,0,2000,0,0,0,0,0,0,WEST
-109.5,33.5, LULCCHRT ,-111,3,3,3000,857,15,15,15,0,0,0,0,0,0,0,2000,0,0,0,0,0,0,WEST
-109.5,42.5, LULCCHRT ,-111,1,1,3000,756,9,9,9,0,0,0,0,0,0,0,2000,0,0,0,0,0,0,WEST
-109.5,42.5, LULCCHRT ,-111,2,2,3000,756,13,13,13,0,0,0,0,0,0,0,2000,0,0,0,0,0,0,WEST
-109.5,42.5, LULCCHRT ,-111,3,3,3000,756,15,15,15,0,0,0,0,0,0,0,2000,0,0,0,0,0,0,WEST
-109.5,43.5, LULCCHRT ,-111,1,1,3000,744,4,4,4,0,0,0,0,0,0,0,2000,0,0,0,0,0,0,WEST
-109.5,43.5, LULCCHRT ,-111,2,2,3000,744,13,13,13,0,0,0,0,0,0,0,2000,0,0,0,0,0,0,WEST
-109.5,43.5, LULCCHRT ,-111,3,3,3000,744,15,15,15,0,0,0,0,0,0,0,2000,0,0,0,0,0,0,WEST
-109.5,45.5, LULCCHRT ,-111,1,1,3000,719,9,9,9,0,0,0,0,0,0,0,2000,0,0,0,0,0,0,WEST
-109.5,45.5, LULCCHRT ,-111,2,2,3000,719,13,13,13,0,0,0,0,0,0,0,2000,0,0,0,0,0,0,WEST
-109.5,45.5, LULCCHRT ,-111,3,3,3000,719,15,15,15,0,0,0,0,0,0,0,2000,0,0,0,0,0,0,WEST
-109.5,46.5, LULCCHRT ,-111,1,1,3000,706,9,9,9,0,0,0,0,0,0,0,2000,0,0,0,0,0,0,WEST
-109.5,46.5, LULCCHRT ,-111,2,2,3000,706,13,13,13,0,0,0,0,0,0,0,2000,0,0,0,0,0,0,WEST
-109.5,46.5, LULCCHRT ,-111,3,3,3000,706,15,15,15,0,0,0,0,0,0,0,2000,0,0,0,0,0,0,WEST
-109,33.5, LULCCHRT ,-111,1,1,3000,857,9,9,9,0,0,0,0,0,0,0,2000,0,0,0,0,0,0,WEST
-109,33.5, LULCCHRT ,-111,2,2,3000,857,13,13,13,0,0,0,0,0,0,0,2000,0,0,0,0,0,0,WEST
-109,33.5, LULCCHRT ,-111,3,3,3000,857,15,15,15,0,0,0,0,0,0,0,2000,0,0,0,0,0,0,WEST
-109,39.5, LULCCHRT ,-111,1,1,3000,792,19,19,19,0,0,0,0,0,0,0,2000,0,0,0,0,0,0,WEST
-109,39.5, LULCCHRT ,-111,2,2,3000,792,13,13,13,0,0,0,0,0,0,0,2000,0,0,0,0,0,0,WEST
-109,39.5, LULCCHRT ,-111,3,3,3000,792,15,15,15,0,0,0,0,0,0,0,2000,0,0,0,0,0,0,WEST
-109,45, LULCCHRT ,-111,1,1,3000,725,9,9,9,0,0,0,0,0,0,0,2000,0,0,0,0,0,0,WEST
-109,45, LULCCHRT ,-111,2,2,3000,725,13,13,13,0,0,0,0,0,0,0,2000,0,0,0,0,0,0,WEST
-109,45, LULCCHRT ,-111,3,3,3000,725,15,15,15,0,0,0,0,0,0,0,2000,0,0,0,0,0,0,WEST
-108.5,33, LULCCHRT ,-111,1,1,3000,862,9,9,9,0,0,0,0,0,0,0,2000,0,0,0,0,0,0,WEST
-108.5,33, LULCCHRT ,-111,2,2,3000,862,13,13,13,0,0,0,0,0,0,0,2000,0,0,0,0,0,0,WEST
-108.5,33, LULCCHRT ,-111,3,3,3000,862,15,15,15,0,0,0,0,0,0,0,2000,0,0,0,0,0,0,WEST
-108.5,35, LULCCHRT ,-111,1,1,3000,841,9,9,9,0,0,0,0,0,0,0,2000,0,0,0,0,0,0,WEST
-108.5,35, LULCCHRT ,-111,2,2,3000,841,13,13,13,0,0,0,0,0,0,0,2000,0,0,0,0,0,0,WEST
-108.5,35, LULCCHRT ,-111,3,3,3000,841,15,15,15,0,0,0,0,0,0,0,2000,0,0,0,0,0,0,WEST
-108.5,37.5, LULCCHRT ,-111,1,1,3000,815,4,4,4,0,0,0,0,0,0,0,2000,0,0,0,0,0,0,WEST
-108.5,37.5, LULCCHRT ,-111,2,2,3000,815,13,13,13,0,0,0,0,0,0,0,2000,0,0,0,0,0,0,WEST
-108.5,37.5, LULCCHRT ,-111,3,3,3000,815,15,15,15,0,0,0,0,0,0,0,2000,0,0,0,0,0,0,WEST
-108.5,38, LULCCHRT ,-111,1,1,3000,809,4,4,4,0,0,0,0,0,0,0,2000,0,0,0,0,0,0,WEST
-108.5,38, LULCCHRT ,-111,2,2,3000,809,13,13,13,0,0,0,0,0,0,0,2000,0,0,0,0,0,0,WEST
-108.5,38, LULCCHRT ,-111,3,3,3000,809,15,15,15,0,0,0,0,0,0,0,2000,0,0,0,0,0,0,WEST
-108.5,39.5, LULCCHRT ,-111,1,1,3000,792,9,9,9,0,0,0,0,0,0,0,2000,0,0,0,0,0,0,WEST
-108.5,39.5, LULCCHRT ,-111,2,2,3000,792,13,13,13,0,0,0,0,0,0,0,2000,0,0,0,0,0,0,WEST
-108.5,39.5, LULCCHRT ,-111,3,3,3000,792,15,15,15,0,0,0,0,0,0,0,2000,0,0,0,0,0,0,WEST
-108.5,45, LULCCHRT ,-111,1,1,3000,725,9,9,9,0,0,0,0,0,0,0,2000,0,0,0,0,0,0,WEST
-108.5,45, LULCCHRT ,-111,2,2,3000,725,13,13,13,0,0,0,0,0,0,0,2000,0,0,0,0,0,0,WEST
-108.5,45, LULCCHRT ,-111,3,3,3000,725,15,15,15,0,0,0,0,0,0,0,2000,0,0,0,0,0,0,WEST
-108.5,46, LULCCHRT ,-111,1,1,3000,712,9,9,9,0,0,0,0,0,0,0,2000,0,0,0,0,0,0,WEST
-108.5,46, LULCCHRT ,-111,2,2,3000,712,13,13,13,0,0,0,0,0,0,0,2000,0,0,0,0,0,0,WEST
-108.5,46, LULCCHRT ,-111,3,3,3000,712,15,15,15,0,0,0,0,0,0,0,2000,0,0,0,0,0,0,WEST
-108,33, LULCCHRT ,-111,1,1,3000,862,9,9,9,0,0,0,0,0,0,0,2000,0,0,0,0,0,0,WEST
-108,33, LULCCHRT ,-111,2,2,3000,862,13,13,13,0,0,0,0,0,0,0,2000,0,0,0,0,0,0,WEST
-108,33, LULCCHRT ,-111,3,3,3000,862,15,15,15,0,0,0,0,0,0,0,2000,0,0,0,0,0,0,WEST
-108,38, LULCCHRT ,-111,1,1,3000,809,9,9,9,0,0,0,0,0,0,0,2000,0,0,0,0,0,0,WEST
-108,38, LULCCHRT ,-111,2,2,3000,809,13,13,13,0,0,0,0,0,0,0,2000,0,0,0,0,0,0,WEST
-108,38, LULCCHRT ,-111,3,3,3000,809,15,15,15,0,0,0,0,0,0,0,2000,0,0,0,0,0,0,WEST
-108,38.5, LULCCHRT ,-111,1,1,3000,803,9,9,9,0,0,0,0,0,0,0,2000,0,0,0,0,0,0,WEST
-108,38.5, LULCCHRT ,-111,2,2,3000,803,13,13,13,0,0,0,0,0,0,0,2000,0,0,0,0,0,0,WEST
-108,38.5, LULCCHRT ,-111,3,3,3000,803,15,15,15,0,0,0,0,0,0,0,2000,0,0,0,0,0,0,WEST
-108,39, LULCCHRT ,-111,1,1,3000,798,4,4,4,0,0,0,0,0,0,0,2000,0,0,0,0,0,0,WEST
-108,39, LULCCHRT ,-111,2,2,3000,798,13,13,13,0,0,0,0,0,0,0,2000,0,0,0,0,0,0,WEST
-108,39, LULCCHRT ,-111,3,3,3000,798,15,15,15,0,0,0,0,0,0,0,2000,0,0,0,0,0,0,WEST
-108,39.5, LULCCHRT ,-111,1,1,3000,792,4,4,4,0,0,0,0,0,0,0,2000,0,0,0,0,0,0,WEST
-108,39.5, LULCCHRT ,-111,2,2,3000,792,13,13,13,0,0,0,0,0,0,0,2000,0,0,0,0,0,0,WEST
-108,39.5, LULCCHRT ,-111,3,3,3000,792,15,15,15,0,0,0,0,0,0,0,2000,0,0,0,0,0,0,WEST
-108,40, LULCCHRT ,-111,1,1,3000,786,19,19,19,0,0,0,0,0,0,0,2000,0,0,0,0,0,0,WEST
-108,40, LULCCHRT ,-111,2,2,3000,786,13,13,13,0,0,0,0,0,0,0,2000,0,0,0,0,0,0,WEST
-108,40, LULCCHRT ,-111,3,3,3000,786,15,15,15,0,0,0,0,0,0,0,2000,0,0,0,0,0,0,WEST
-108,44.5, LULCCHRT ,-111,1,1,3000,732,4,4,4,0,0,0,0,0,0,0,2000,0,0,0,0,0,0,WEST
-108,44.5, LULCCHRT ,-111,2,2,3000,732,13,13,13,0,0,0,0,0,0,0,2000,0,0,0,0,0,0,WEST
-108,44.5, LULCCHRT ,-111,3,3,3000,732,15,15,15,0,0,0,0,0,0,0,2000,0,0,0,0,0,0,WEST
-107.5,37, LULCCHRT ,-111,1,1,3000,820,9,9,9,0,0,0,0,0,0,0,2000,0,0,0,0,0,0,WEST
-107.5,37, LULCCHRT ,-111,2,2,3000,820,13,13,13,0,0,0,0,0,0,0,2000,0,0,0,0,0,0,WEST
-107.5,37, LULCCHRT ,-111,3,3,3000,820,15,15,15,0,0,0,0,0,0,0,2000,0,0,0,0,0,0,WEST
-107.5,38, LULCCHRT ,-111,1,1,3000,809,4,4,4,0,0,0,0,0,0,0,2000,0,0,0,0,0,0,WEST
-107.5,38, LULCCHRT ,-111,2,2,3000,809,13,13,13,0,0,0,0,0,0,0,2000,0,0,0,0,0,0,WEST
-107.5,38, LULCCHRT ,-111,3,3,3000,809,15,15,15,0,0,0,0,0,0,0,2000,0,0,0,0,0,0,WEST
-107.5,38.5, LULCCHRT ,-111,1,1,3000,803,4,4,4,0,0,0,0,0,0,0,2000,0,0,0,0,0,0,WEST
-107.5,38.5, LULCCHRT ,-111,2,2,3000,803,13,13,13,0,0,0,0,0,0,0,2000,0,0,0,0,0,0,WEST
-107.5,38.5, LULCCHRT ,-111,3,3,3000,803,15,15,15,0,0,0,0,0,0,0,2000,0,0,0,0,0,0,WEST
-107.5,39, LULCCHRT ,-111,1,1,3000,798,4,4,4,0,0,0,0,0,0,0,2000,0,0,0,0,0,0,WEST
-107.5,39, LULCCHRT ,-111,2,2,3000,798,13,13,13,0,0,0,0,0,0,0,2000,0,0,0,0,0,0,WEST
-107.5,39, LULCCHRT ,-111,3,3,3000,798,15,15,15,0,0,0,0,0,0,0,2000,0,0,0,0,0,0,WEST
-107.5,39.5, LULCCHRT ,-111,1,1,3000,792,4,4,4,0,0,0,0,0,0,0,2000,0,0,0,0,0,0,WEST
-107.5,39.5, LULCCHRT ,-111,2,2,3000,792,13,13,13,0,0,0,0,0,0,0,2000,0,0,0,0,0,0,WEST
-107.5,39.5, LULCCHRT ,-111,3,3,3000,792,15,15,15,0,0,0,0,0,0,0,2000,0,0,0,0,0,0,WEST
-107.5,40, LULCCHRT ,-111,1,1,3000,786,4,4,4,0,0,0,0,0,0,0,2000,0,0,0,0,0,0,WEST
-107.5,40, LULCCHRT ,-111,2,2,3000,786,13,13,13,0,0,0,0,0,0,0,2000,0,0,0,0,0,0,WEST
-107.5,40, LULCCHRT ,-111,3,3,3000,786,15,15,15,0,0,0,0,0,0,0,2000,0,0,0,0,0,0,WEST
-107.5,40.5, LULCCHRT ,-111,1,1,3000,780,4,4,4,0,0,0,0,0,0,0,2000,0,0,0,0,0,0,WEST
-107.5,40.5, LULCCHRT ,-111,2,2,3000,780,13,13,13,0,0,0,0,0,0,0,2000,0,0,0,0,0,0,WEST
-107.5,40.5, LULCCHRT ,-111,3,3,3000,780,15,15,15,0,0,0,0,0,0,0,2000,0,0,0,0,0,0,WEST
-107.5,41, LULCCHRT ,-111,1,1,3000,775,19,19,19,0,0,0,0,0,0,0,2000,0,0,0,0,0,0,WEST
-107.5,41, LULCCHRT ,-111,2,2,3000,775,13,13,13,0,0,0,0,0,0,0,2000,0,0,0,0,0,0,WEST
-107.5,41, LULCCHRT ,-111,3,3,3000,775,15,15,15,0,0,0,0,0,0,0,2000,0,0,0,0,0,0,WEST
-107.5,44.5, LULCCHRT ,-111,1,1,3000,732,9,9,9,0,0,0,0,0,0,0,2000,0,0,0,0,0,0,WEST
-107.5,44.5, LULCCHRT ,-111,2,2,3000,732,13,13,13,0,0,0,0,0,0,0,2000,0,0,0,0,0,0,WEST
-107.5,44.5, LULCCHRT ,-111,3,3,3000,732,15,15,15,0,0,0,0,0,0,0,2000,0,0,0,0,0,0,WEST
-107.5,45, LULCCHRT ,-111,1,1,3000,725,9,9,9,0,0,0,0,0,0,0,2000,0,0,0,0,0,0,WEST
-107.5,45, LULCCHRT ,-111,2,2,3000,725,13,13,13,0,0,0,0,0,0,0,2000,0,0,0,0,0,0,WEST
-107.5,45, LULCCHRT ,-111,3,3,3000,725,15,15,15,0,0,0,0,0,0,0,2000,0,0,0,0,0,0,WEST
-107,35.5, LULCCHRT ,-111,1,1,3000,836,9,9,9,0,0,0,0,0,0,0,2000,0,0,0,0,0,0,WEST
-107,35.5, LULCCHRT ,-111,2,2,3000,836,13,13,13,0,0,0,0,0,0,0,2000,0,0,0,0,0,0,WEST
-107,35.5, LULCCHRT ,-111,3,3,3000,836,15,15,15,0,0,0,0,0,0,0,2000,0,0,0,0,0,0,WEST
-107,36.5, LULCCHRT ,-111,1,1,3000,825,9,9,9,0,0,0,0,0,0,0,2000,0,0,0,0,0,0,WEST
-107,36.5, LULCCHRT ,-111,2,2,3000,825,13,13,13,0,0,0,0,0,0,0,2000,0,0,0,0,0,0,WEST
-107,36.5, LULCCHRT ,-111,3,3,3000,825,15,15,15,0,0,0,0,0,0,0,2000,0,0,0,0,0,0,WEST
-107,37, LULCCHRT ,-111,1,1,3000,820,9,9,9,0,0,0,0,0,0,0,2000,0,0,0,0,0,0,WEST
-107,37, LULCCHRT ,-111,2,2,3000,820,13,13,13,0,0,0,0,0,0,0,2000,0,0,0,0,0,0,WEST
-107,37, LULCCHRT ,-111,3,3,3000,820,15,15,15,0,0,0,0,0,0,0,2000,0,0,0,0,0,0,WEST
-107,37.5, LULCCHRT ,-111,1,1,3000,815,4,4,4,0,0,0,0,0,0,0,2000,0,0,0,0,0,0,WEST
-107,37.5, LULCCHRT ,-111,2,2,3000,815,13,13,13,0,0,0,0,0,0,0,2000,0,0,0,0,0,0,WEST
-107,37.5, LULCCHRT ,-111,3,3,3000,815,15,15,15,0,0,0,0,0,0,0,2000,0,0,0,0,0,0,WEST
-107,38, LULCCHRT ,-111,1,1,3000,809,4,4,4,0,0,0,0,0,0,0,2000,0,0,0,0,0,0,WEST
-107,38, LULCCHRT ,-111,2,2,3000,809,13,13,13,0,0,0,0,0,0,0,2000,0,0,0,0,0,0,WEST
-107,38, LULCCHRT ,-111,3,3,3000,809,15,15,15,0,0,0,0,0,0,0,2000,0,0,0,0,0,0,WEST
-107,39, LULCCHRT ,-111,1,1,3000,798,4,4,4,0,0,0,0,0,0,0,2000,0,0,0,0,0,0,WEST
-107,39, LULCCHRT ,-111,2,2,3000,798,13,13,13,0,0,0,0,0,0,0,2000,0,0,0,0,0,0,WEST
-107,39, LULCCHRT ,-111,3,3,3000,798,15,15,15,0,0,0,0,0,0,0,2000,0,0,0,0,0,0,WEST
-107,40, LULCCHRT ,-111,1,1,3000,786,4,4,4,0,0,0,0,0,0,0,2000,0,0,0,0,0,0,WEST
-107,40, LULCCHRT ,-111,2,2,3000,786,13,13,13,0,0,0,0,0,0,0,2000,0,0,0,0,0,0,WEST
-107,40, LULCCHRT ,-111,3,3,3000,786,15,15,15,0,0,0,0,0,0,0,2000,0,0,0,0,0,0,WEST
-107,40.5, LULCCHRT ,-111,1,1,3000,780,4,4,4,0,0,0,0,0,0,0,2000,0,0,0,0,0,0,WEST
-107,40.5, LULCCHRT ,-111,2,2,3000,780,13,13,13,0,0,0,0,0,0,0,2000,0,0,0,0,0,0,WEST
-107,40.5, LULCCHRT ,-111,3,3,3000,780,15,15,15,0,0,0,0,0,0,0,2000,0,0,0,0,0,0,WEST
-107,45, LULCCHRT ,-111,1,1,3000,725,9,9,9,0,0,0,0,0,0,0,2000,0,0,0,0,0,0,WEST
-107,45, LULCCHRT ,-111,2,2,3000,725,13,13,13,0,0,0,0,0,0,0,2000,0,0,0,0,0,0,WEST
-107,45, LULCCHRT ,-111,3,3,3000,725,15,15,15,0,0,0,0,0,0,0,2000,0,0,0,0,0,0,WEST
-107,45.5, LULCCHRT ,-111,1,1,3000,719,9,9,9,0,0,0,0,0,0,0,2000,0,0,0,0,0,0,WEST
-107,45.5, LULCCHRT ,-111,2,2,3000,719,13,13,13,0,0,0,0,0,0,0,2000,0,0,0,0,0,0,WEST
-107,45.5, LULCCHRT ,-111,3,3,3000,719,15,15,15,0,0,0,0,0,0,0,2000,0,0,0,0,0,0,WEST
-107,46, LULCCHRT ,-111,1,1,3000,712,9,9,9,0,0,0,0,0,0,0,2000,0,0,0,0,0,0,WEST
-107,46, LULCCHRT ,-111,2,2,3000,712,13,13,13,0,0,0,0,0,0,0,2000,0,0,0,0,0,0,WEST
-107,46, LULCCHRT ,-111,3,3,3000,712,15,15,15,0,0,0,0,0,0,0,2000,0,0,0,0,0,0,WEST
-106.5,36.5, LULCCHRT ,-111,1,1,3000,825,4,4,4,0,0,0,0,0,0,0,2000,0,0,0,0,0,0,WEST
-106.5,36.5, LULCCHRT ,-111,2,2,3000,825,13,13,13,0,0,0,0,0,0,0,2000,0,0,0,0,0,0,WEST
-106.5,36.5, LULCCHRT ,-111,3,3,3000,825,15,15,15,0,0,0,0,0,0,0,2000,0,0,0,0,0,0,WEST
-106.5,38, LULCCHRT ,-111,1,1,3000,809,9,9,9,0,0,0,0,0,0,0,2000,0,0,0,0,0,0,WEST
-106.5,38, LULCCHRT ,-111,2,2,3000,809,13,13,13,0,0,0,0,0,0,0,2000,0,0,0,0,0,0,WEST
-106.5,38, LULCCHRT ,-111,3,3,3000,809,15,15,15,0,0,0,0,0,0,0,2000,0,0,0,0,0,0,WEST
-106.5,39.5, LULCCHRT ,-111,1,1,3000,792,4,4,4,0,0,0,0,0,0,0,2000,0,0,0,0,0,0,WEST
-106.5,39.5, LULCCHRT ,-111,2,2,3000,792,13,13,13,0,0,0,0,0,0,0,2000,0,0,0,0,0,0,WEST
-106.5,39.5, LULCCHRT ,-111,3,3,3000,792,15,15,15,0,0,0,0,0,0,0,2000,0,0,0,0,0,0,WEST
-106.5,40, LULCCHRT ,-111,1,1,3000,786,4,4,4,0,0,0,0,0,0,0,2000,0,0,0,0,0,0,WEST
-106.5,40, LULCCHRT ,-111,2,2,3000,786,13,13,13,0,0,0,0,0,0,0,2000,0,0,0,0,0,0,WEST
-106.5,40, LULCCHRT ,-111,3,3,3000,786,15,15,15,0,0,0,0,0,0,0,2000,0,0,0,0,0,0,WEST
-106.5,41, LULCCHRT ,-111,1,1,3000,775,9,9,9,0,0,0,0,0,0,0,2000,0,0,0,0,0,0,WEST
-106.5,41, LULCCHRT ,-111,2,2,3000,775,13,13,13,0,0,0,0,0,0,0,2000,0,0,0,0,0,0,WEST
-106.5,41, LULCCHRT ,-111,3,3,3000,775,15,15,15,0,0,0,0,0,0,0,2000,0,0,0,0,0,0,WEST
-106.5,45, LULCCHRT ,-111,1,1,3000,725,9,9,9,0,0,0,0,0,0,0,2000,0,0,0,0,0,0,WEST
-106.5,45, LULCCHRT ,-111,2,2,3000,725,13,13,13,0,0,0,0,0,0,0,2000,0,0,0,0,0,0,WEST
-106.5,45, LULCCHRT ,-111,3,3,3000,725,15,15,15,0,0,0,0,0,0,0,2000,0,0,0,0,0,0,WEST
-106.5,45.5, LULCCHRT ,-111,1,1,3000,719,9,9,9,0,0,0,0,0,0,0,2000,0,0,0,0,0,0,WEST
-106.5,45.5, LULCCHRT ,-111,2,2,3000,719,13,13,13,0,0,0,0,0,0,0,2000,0,0,0,0,0,0,WEST
-106.5,45.5, LULCCHRT ,-111,3,3,3000,719,15,15,15,0,0,0,0,0,0,0,2000,0,0,0,0,0,0,WEST
-106,32.5, LULCCHRT ,-111,1,1,3000,866,9,9,9,0,0,0,0,0,0,0,2000,0,0,0,0,0,0,WEST
-106,32.5, LULCCHRT ,-111,2,2,3000,866,13,13,13,0,0,0,0,0,0,0,2000,0,0,0,0,0,0,WEST
-106,32.5, LULCCHRT ,-111,3,3,3000,866,15,15,15,0,0,0,0,0,0,0,2000,0,0,0,0,0,0,WEST
-106,33, LULCCHRT ,-111,1,1,3000,862,9,9,9,0,0,0,0,0,0,0,2000,0,0,0,0,0,0,WEST
-106,33, LULCCHRT ,-111,2,2,3000,862,13,13,13,0,0,0,0,0,0,0,2000,0,0,0,0,0,0,WEST
-106,33, LULCCHRT ,-111,3,3,3000,862,15,15,15,0,0,0,0,0,0,0,2000,0,0,0,0,0,0,WEST
-106,35.5, LULCCHRT ,-111,1,1,3000,836,9,9,9,0,0,0,0,0,0,0,2000,0,0,0,0,0,0,WEST
-106,35.5, LULCCHRT ,-111,2,2,3000,836,13,13,13,0,0,0,0,0,0,0,2000,0,0,0,0,0,0,WEST
-106,35.5, LULCCHRT ,-111,3,3,3000,836,15,15,15,0,0,0,0,0,0,0,2000,0,0,0,0,0,0,WEST
-106,38, LULCCHRT ,-111,1,1,3000,809,9,9,9,0,0,0,0,0,0,0,2000,0,0,0,0,0,0,WEST
-106,38, LULCCHRT ,-111,2,2,3000,809,13,13,13,0,0,0,0,0,0,0,2000,0,0,0,0,0,0,WEST
-106,38, LULCCHRT ,-111,3,3,3000,809,15,15,15,0,0,0,0,0,0,0,2000,0,0,0,0,0,0,WEST
-106,38.5, LULCCHRT ,-111,1,1,3000,803,4,4,4,0,0,0,0,0,0,0,2000,0,0,0,0,0,0,WEST
-106,38.5, LULCCHRT ,-111,2,2,3000,803,13,13,13,0,0,0,0,0,0,0,2000,0,0,0,0,0,0,WEST
-106,38.5, LULCCHRT ,-111,3,3,3000,803,15,15,15,0,0,0,0,0,0,0,2000,0,0,0,0,0,0,WEST
-106,40, LULCCHRT ,-111,1,1,3000,786,4,4,4,0,0,0,0,0,0,0,2000,0,0,0,0,0,0,WEST
-106,40, LULCCHRT ,-111,2,2,3000,786,13,13,13,0,0,0,0,0,0,0,2000,0,0,0,0,0,0,WEST
-106,40, LULCCHRT ,-111,3,3,3000,786,15,15,15,0,0,0,0,0,0,0,2000,0,0,0,0,0,0,WEST
-106,40.5, LULCCHRT ,-111,1,1,3000,780,4,4,4,0,0,0,0,0,0,0,2000,0,0,0,0,0,0,WEST
-106,40.5, LULCCHRT ,-111,2,2,3000,780,13,13,13,0,0,0,0,0,0,0,2000,0,0,0,0,0,0,WEST
-106,40.5, LULCCHRT ,-111,3,3,3000,780,15,15,15,0,0,0,0,0,0,0,2000,0,0,0,0,0,0,WEST
-106,42, LULCCHRT ,-111,1,1,3000,763,9,9,9,0,0,0,0,0,0,0,2000,0,0,0,0,0,0,WEST
-106,42, LULCCHRT ,-111,2,2,3000,763,13,13,13,0,0,0,0,0,0,0,2000,0,0,0,0,0,0,WEST
-106,42, LULCCHRT ,-111,3,3,3000,763,15,15,15,0,0,0,0,0,0,0,2000,0,0,0,0,0,0,WEST
-106,45, LULCCHRT ,-111,1,1,3000,725,9,9,9,0,0,0,0,0,0,0,2000,0,0,0,0,0,0,WEST
-106,45, LULCCHRT ,-111,2,2,3000,725,13,13,13,0,0,0,0,0,0,0,2000,0,0,0,0,0,0,WEST
-106,45, LULCCHRT ,-111,3,3,3000,725,15,15,15,0,0,0,0,0,0,0,2000,0,0,0,0,0,0,WEST
-105.5,35.5, LULCCHRT ,-111,1,1,3000,836,9,9,9,0,0,0,0,0,0,0,2000,0,0,0,0,0,0,WEST
-105.5,35.5, LULCCHRT ,-111,2,2,3000,836,13,13,13,0,0,0,0,0,0,0,2000,0,0,0,0,0,0,WEST
-105.5,35.5, LULCCHRT ,-111,3,3,3000,836,15,15,15,0,0,0,0,0,0,0,2000,0,0,0,0,0,0,WEST
-105.5,36, LULCCHRT ,-111,1,1,3000,831,9,9,9,0,0,0,0,0,0,0,2000,0,0,0,0,0,0,WEST
-105.5,36, LULCCHRT ,-111,2,2,3000,831,13,13,13,0,0,0,0,0,0,0,2000,0,0,0,0,0,0,WEST
-105.5,36, LULCCHRT ,-111,3,3,3000,831,15,15,15,0,0,0,0,0,0,0,2000,0,0,0,0,0,0,WEST
-105.5,36.5, LULCCHRT ,-111,1,1,3000,825,4,4,4,0,0,0,0,0,0,0,2000,0,0,0,0,0,0,WEST
-105.5,36.5, LULCCHRT ,-111,2,2,3000,825,13,13,13,0,0,0,0,0,0,0,2000,0,0,0,0,0,0,WEST
-105.5,36.5, LULCCHRT ,-111,3,3,3000,825,15,15,15,0,0,0,0,0,0,0,2000,0,0,0,0,0,0,WEST
-105.5,37, LULCCHRT ,-111,1,1,3000,820,4,4,4,0,0,0,0,0,0,0,2000,0,0,0,0,0,0,WEST
-105.5,37, LULCCHRT ,-111,2,2,3000,820,13,13,13,0,0,0,0,0,0,0,2000,0,0,0,0,0,0,WEST
-105.5,37, LULCCHRT ,-111,3,3,3000,820,15,15,15,0,0,0,0,0,0,0,2000,0,0,0,0,0,0,WEST
-105.5,37.5, LULCCHRT ,-111,1,1,3000,815,9,9,9,0,0,0,0,0,0,0,2000,0,0,0,0,0,0,WEST
-105.5,37.5, LULCCHRT ,-111,2,2,3000,815,13,13,13,0,0,0,0,0,0,0,2000,0,0,0,0,0,0,WEST
-105.5,37.5, LULCCHRT ,-111,3,3,3000,815,15,15,15,0,0,0,0,0,0,0,2000,0,0,0,0,0,0,WEST
-105.5,38, LULCCHRT ,-111,1,1,3000,809,9,9,9,0,0,0,0,0,0,0,2000,0,0,0,0,0,0,WEST
-105.5,38, LULCCHRT ,-111,2,2,3000,809,13,13,13,0,0,0,0,0,0,0,2000,0,0,0,0,0,0,WEST
-105.5,38, LULCCHRT ,-111,3,3,3000,809,15,15,15,0,0,0,0,0,0,0,2000,0,0,0,0,0,0,WEST
-105.5,38.5, LULCCHRT ,-111,1,1,3000,803,9,9,9,0,0,0,0,0,0,0,2000,0,0,0,0,0,0,WEST
-105.5,38.5, LULCCHRT ,-111,2,2,3000,803,13,13,13,0,0,0,0,0,0,0,2000,0,0,0,0,0,0,WEST
-105.5,38.5, LULCCHRT ,-111,3,3,3000,803,15,15,15,0,0,0,0,0,0,0,2000,0,0,0,0,0,0,WEST
-105.5,39, LULCCHRT ,-111,1,1,3000,798,9,9,9,0,0,0,0,0,0,0,2000,0,0,0,0,0,0,WEST
-105.5,39, LULCCHRT ,-111,2,2,3000,798,13,13,13,0,0,0,0,0,0,0,2000,0,0,0,0,0,0,WEST
-105.5,39, LULCCHRT ,-111,3,3,3000,798,15,15,15,0,0,0,0,0,0,0,2000,0,0,0,0,0,0,WEST
-105.5,41, LULCCHRT ,-111,1,1,3000,775,9,9,9,0,0,0,0,0,0,0,2000,0,0,0,0,0,0,WEST
-105.5,41, LULCCHRT ,-111,2,2,3000,775,13,13,13,0,0,0,0,0,0,0,2000,0,0,0,0,0,0,WEST
-105.5,41, LULCCHRT ,-111,3,3,3000,775,15,15,15,0,0,0,0,0,0,0,2000,0,0,0,0,0,0,WEST
-105,32, LULCCHRT ,-111,1,1,3000,871,19,19,19,0,0,0,0,0,0,0,2000,0,0,0,0,0,0,WEST
-105,32, LULCCHRT ,-111,2,2,3000,871,13,13,13,0,0,0,0,0,0,0,2000,0,0,0,0,0,0,WEST
-105,32, LULCCHRT ,-111,3,3,3000,871,15,15,15,0,0,0,0,0,0,0,2000,0,0,0,0,0,0,WEST
-105,36.5, LULCCHRT ,-111,1,1,3000,825,9,9,9,0,0,0,0,0,0,0,2000,0,0,0,0,0,0,WEST
-105,36.5, LULCCHRT ,-111,2,2,3000,825,13,13,13,0,0,0,0,0,0,0,2000,0,0,0,0,0,0,WEST
-105,36.5, LULCCHRT ,-111,3,3,3000,825,15,15,15,0,0,0,0,0,0,0,2000,0,0,0,0,0,0,WEST
-105,44, LULCCHRT ,-111,1,1,3000,738,9,9,9,0,0,0,0,0,0,0,2000,0,0,0,0,0,0,WEST
-105,44, LULCCHRT ,-111,2,2,3000,738,13,13,13,0,0,0,0,0,0,0,2000,0,0,0,0,0,0,WEST
-105,44, LULCCHRT ,-111,3,3,3000,738,15,15,15,0,0,0,0,0,0,0,2000,0,0,0,0,0,0,WEST
-105,44.5, LULCCHRT ,-111,1,1,3000,732,9,9,9,0,0,0,0,0,0,0,2000,0,0,0,0,0,0,WEST
-105,44.5, LULCCHRT ,-111,2,2,3000,732,13,13,13,0,0,0,0,0,0,0,2000,0,0,0,0,0,0,WEST
-105,44.5, LULCCHRT ,-111,3,3,3000,732,15,15,15,0,0,0,0,0,0,0,2000,0,0,0,0,0,0,WEST
